{
  "supplier": "TDK",
  "grade": "N27",
  "type": "ferrite",
  "data_source": "TDK N27 ferrite datasheet rev.2023",
  "data_quality": "steinmetz_fitted_to_datasheet",
  "basic": {
    "mu_initial": 2000,
    "mu_initial_tolerance_pct": 25,
    "curie_temp_C": 220,
    "resistivity_ohm_m": 4.0
  },
  "Bsat_vs_T": {
    "description": "Bsat (T) at H=1200A/m vs temperature.",
    "T_C": [
      25,
      60,
      80,
      100,
      120
    ],
    "Bsat": [
      0.48,
      0.44,
      0.415,
      0.38,
      0.34
    ]
  },
  "mu_r_vs_T": {
    "description": "TDK N27 \u00b5r vs temperature.",
    "T_C": [
      25,
      60,
      80,
      100,
      120
    ],
    "mu_r": [
      2000,
      2100,
      2200,
      2000,
      1700
    ]
  },
  "steinmetz_25C": {
    "Pv_ref_kW_m3": 145.0,
    "f_ref_kHz": 100,
    "B_ref_T": 0.1,
    "alpha": 1.3,
    "beta": 2.5,
    "note": "TDK N27 at 25\u00b0C"
  },
  "steinmetz_100C": {
    "Pv_ref_kW_m3": 180.0,
    "f_ref_kHz": 100,
    "B_ref_T": 0.1,
    "alpha": 1.3,
    "beta": 2.5,
    "note": "TDK N27 at 100\u00b0C. Legacy TDK grade. High loss. Not recommended for new designs."
  },
  "core_loss_surface_25C": {
    "T_C": 25,
    "f_kHz": [
      10,
      25,
      50,
      70,
      100,
      200,
      300,
      500,
      1000
    ],
    "B_pk_T": [
      0.005,
      0.01,
      0.02,
      0.05,
      0.08,
      0.1,
      0.15,
      0.2,
      0.25,
      0.3,
      0.4
    ],
    "Pv_kW_m3": [
      [
        0.00406,
        0.01337,
        0.03292,
        0.05098,
        0.08106,
        0.19959,
        0.3381,
        0.65683,
        1.61731
      ],
      [
        0.02298,
        0.07563,
        0.18622,
        0.2884,
        0.45853,
        1.12903,
        1.91261,
        3.7156,
        9.14888
      ],
      [
        0.13,
        0.42782,
        1.05343,
        1.63144,
        2.59384,
        6.38678,
        10.81934,
        21.01861,
        51.75389
      ],
      [
        1.28467,
        4.22781,
        10.41008,
        16.12206,
        25.63262,
        63.11492,
        106.91796,
        207.70838,
        511.43802
      ],
      [
        4.16,
        13.69036,
        33.70963,
        52.206,
        83.00284,
        204.37697,
        346.21876,
        672.59553,
        1656.12445
      ],
      [
        7.26721,
        23.91608,
        58.8883,
        91.20013,
        145.0,
        357.03188,
        604.81929,
        1174.97603,
        2893.13036
      ],
      [
        20.02609,
        65.90497,
        162.27707,
        251.318,
        399.57301,
        983.86417,
        1666.68598,
        3237.85321,
        7972.52977
      ],
      [
        41.10958,
        135.28978,
        333.12252,
        515.90584,
        820.24387,
        2019.67731,
        3421.37457,
        6646.66816,
        16366.01675
      ],
      [
        71.81547,
        236.34153,
        581.9411,
        901.25041,
        1432.90706,
        3528.23106,
        5976.89539,
        11611.25143,
        28590.25467
      ],
      [
        113.28467,
        372.8148,
        917.97773,
        1421.66932,
        2260.3263,
        5565.5762,
        9428.19964,
        18316.06368,
        45099.43894
      ],
      [
        232.55088,
        765.31459,
        1884.42556,
        2918.40414,
        4640.0,
        11425.02016,
        19354.21725,
        37599.23304,
        92580.17141
      ]
    ],
    "note": "kW/m\u00b3. Extended grid: 10-1000kHz, 0.005-0.40T. Log-log bilinear interpolation."
  },
  "core_loss_surface_100C": {
    "T_C": 0,
    "f_kHz": [
      10,
      25,
      50,
      70,
      100,
      200,
      300,
      500,
      1000
    ],
    "B_pk_T": [
      0.005,
      0.01,
      0.02,
      0.05,
      0.08,
      0.1,
      0.15,
      0.2,
      0.25,
      0.3,
      0.4
    ],
    "Pv_kW_m3": [
      [
        0.00504,
        0.0166,
        0.04087,
        0.06329,
        0.10062,
        0.24776,
        0.41972,
        0.81538,
        2.00769
      ],
      [
        0.02853,
        0.09388,
        0.23117,
        0.35801,
        0.56921,
        1.40156,
        2.37427,
        4.61247,
        11.35723
      ],
      [
        0.16138,
        0.53109,
        1.3077,
        2.02523,
        3.21994,
        7.92842,
        13.4309,
        26.09207,
        64.24621
      ],
      [
        1.59477,
        5.24831,
        12.92286,
        20.01359,
        31.81981,
        78.34955,
        132.72574,
        257.84489,
        634.88858
      ],
      [
        5.16413,
        16.99493,
        41.84644,
        64.80745,
        103.03801,
        253.70935,
        429.78881,
        834.94617,
        2055.87863
      ],
      [
        9.02137,
        29.68893,
        73.10272,
        113.21395,
        180.0,
        443.21199,
        750.81015,
        1458.59094,
        3591.47217
      ],
      [
        24.85997,
        81.81307,
        201.4474,
        311.98097,
        496.02167,
        1221.34862,
        2068.98949,
        4019.40398,
        9896.93351
      ],
      [
        51.03258,
        167.94594,
        413.53141,
        640.43483,
        1018.23376,
        2507.18562,
        4247.2236,
        8251.03634,
        20316.43459
      ],
      [
        89.15024,
        293.38948,
        722.40964,
        1118.79361,
        1778.78118,
        4379.87303,
        7419.59428,
        14413.9673,
        35491.35063
      ],
      [
        140.62924,
        462.80459,
        1139.55856,
        1764.83088,
        2805.92231,
        6908.99115,
        11703.97197,
        22737.18249,
        55985.5104
      ],
      [
        288.68385,
        950.0457,
        2339.2869,
        3622.84652,
        5760.0,
        14182.78364,
        24025.92486,
        46674.90998,
        114927.10934
      ]
    ],
    "note": "kW/m\u00b3. Extended grid: 10-1000kHz, 0.005-0.40T. Log-log bilinear interpolation."
  },
  "fsw_range_kHz": {
    "min": 10,
    "max": 150,
    "note": "Optimal switching frequency range 10-150 kHz"
  }
}