{
  "supplier": "TDK",
  "grade": "N41",
  "type": "ferrite",
  "data_source": "TDK N41 ferrite datasheet rev.2023",
  "data_quality": "steinmetz_fitted_to_datasheet",
  "basic": {
    "mu_initial": 2400,
    "mu_initial_tolerance_pct": 25,
    "curie_temp_C": 200,
    "resistivity_ohm_m": 4.0
  },
  "Bsat_vs_T": {
    "description": "Bsat (T) at H=1200A/m vs temperature.",
    "T_C": [
      25,
      60,
      80,
      100,
      120
    ],
    "Bsat": [
      0.49,
      0.458,
      0.432,
      0.4,
      0.362
    ]
  },
  "mu_r_vs_T": {
    "description": "TDK N41 \u00b5r vs temperature.",
    "T_C": [
      25,
      60,
      80,
      100,
      120
    ],
    "mu_r": [
      2400,
      2500,
      2600,
      2400,
      2000
    ]
  },
  "steinmetz_25C": {
    "Pv_ref_kW_m3": 100.0,
    "f_ref_kHz": 100,
    "B_ref_T": 0.1,
    "alpha": 1.3,
    "beta": 2.6,
    "note": "TDK N41 at 25\u00b0C"
  },
  "steinmetz_100C": {
    "Pv_ref_kW_m3": 130.0,
    "f_ref_kHz": 100,
    "B_ref_T": 0.1,
    "alpha": 1.3,
    "beta": 2.6,
    "note": "TDK N41 at 100\u00b0C. General purpose. Moderate loss. N87 is preferred at 70kHz."
  },
  "core_loss_surface_25C": {
    "T_C": 25,
    "f_kHz": [
      10,
      25,
      50,
      70,
      100,
      200,
      300,
      500,
      1000
    ],
    "B_pk_T": [
      0.005,
      0.01,
      0.02,
      0.05,
      0.08,
      0.1,
      0.15,
      0.2,
      0.25,
      0.3,
      0.4
    ],
    "Pv_kW_m3": [
      [
        0.00208,
        0.00683,
        0.01683,
        0.02606,
        0.04143,
        0.10201,
        0.17281,
        0.33572,
        0.82665
      ],
      [
        0.01259,
        0.04143,
        0.10201,
        0.15799,
        0.25119,
        0.6185,
        1.04775,
        2.03545,
        5.01187
      ],
      [
        0.07633,
        0.25119,
        0.6185,
        0.95787,
        1.52292,
        3.74988,
        6.35237,
        12.34068,
        30.38631
      ],
      [
        0.82665,
        2.72047,
        6.69858,
        10.37408,
        16.49385,
        40.61262,
        68.79861,
        133.65432,
        329.09555
      ],
      [
        2.80565,
        9.23328,
        22.735,
        35.20963,
        55.98014,
        137.83927,
        233.50253,
        453.6229,
        1116.9506
      ],
      [
        5.01187,
        16.49385,
        40.61262,
        62.89664,
        100.0,
        246.22888,
        417.11675,
        810.3283,
        1995.26231
      ],
      [
        14.3826,
        47.33248,
        116.54624,
        180.49481,
        286.97051,
        706.60429,
        1197.00208,
        2325.40327,
        5725.81449
      ],
      [
        30.38631,
        100.0,
        246.22888,
        381.33392,
        606.28663,
        1492.85279,
        2528.92308,
        4912.9121,
        12097.00858
      ],
      [
        54.28052,
        178.63479,
        439.85044,
        681.19504,
        1083.03882,
        2666.75438,
        4517.53633,
        8776.17002,
        21609.46538
      ],
      [
        87.19975,
        286.97051,
        706.60429,
        1094.31591,
        1739.86384,
        4284.04729,
        7257.26352,
        14098.60905,
        34714.84754
      ],
      [
        184.22814,
        606.28663,
        1492.85279,
        2311.97657,
        3675.83474,
        9050.9668,
        15332.52243,
        29786.32907,
        73342.54525
      ]
    ],
    "note": "kW/m\u00b3. Extended grid: 10-1000kHz, 0.005-0.40T. Log-log bilinear interpolation."
  },
  "core_loss_surface_100C": {
    "T_C": 0,
    "f_kHz": [
      10,
      25,
      50,
      70,
      100,
      200,
      300,
      500,
      1000
    ],
    "B_pk_T": [
      0.005,
      0.01,
      0.02,
      0.05,
      0.08,
      0.1,
      0.15,
      0.2,
      0.25,
      0.3,
      0.4
    ],
    "Pv_kW_m3": [
      [
        0.0027,
        0.00888,
        0.02187,
        0.03388,
        0.05386,
        0.13262,
        0.22466,
        0.43644,
        1.07465
      ],
      [
        0.01637,
        0.05386,
        0.13262,
        0.20539,
        0.32655,
        0.80405,
        1.36207,
        2.64609,
        6.51543
      ],
      [
        0.09923,
        0.32655,
        0.80405,
        1.24523,
        1.9798,
        4.87484,
        8.25808,
        16.04288,
        39.50221
      ],
      [
        1.07465,
        3.53661,
        8.70816,
        13.4863,
        21.442,
        52.79641,
        89.43819,
        173.75062,
        427.82422
      ],
      [
        3.64735,
        12.00326,
        29.5555,
        45.77251,
        72.77418,
        179.19105,
        303.55329,
        589.70977,
        1452.03578
      ],
      [
        6.51543,
        21.442,
        52.79641,
        81.76563,
        130.0,
        320.09755,
        542.25178,
        1053.42679,
        2593.84101
      ],
      [
        18.69737,
        61.53223,
        151.51012,
        234.64326,
        373.06167,
        918.58557,
        1556.1027,
        3023.02425,
        7443.55884
      ],
      [
        39.50221,
        130.0,
        320.09755,
        495.7341,
        788.17261,
        1940.70862,
        3287.6,
        6386.78574,
        15726.11116
      ],
      [
        70.56468,
        232.22522,
        571.80557,
        885.55355,
        1407.95046,
        3466.78069,
        5872.79723,
        11409.02103,
        28092.30499
      ],
      [
        113.35968,
        373.06167,
        918.58557,
        1422.61069,
        2261.82299,
        5569.26148,
        9434.44258,
        18328.19177,
        45129.3018
      ],
      [
        239.49659,
        788.17261,
        1940.70862,
        3005.56955,
        4778.58516,
        11766.25684,
        19932.27915,
        38722.22779,
        95345.30882
      ]
    ],
    "note": "kW/m\u00b3. Extended grid: 10-1000kHz, 0.005-0.40T. Log-log bilinear interpolation."
  },
  "fsw_range_kHz": {
    "min": 10,
    "max": 200,
    "note": "Optimal switching frequency range 10-200 kHz"
  }
}