{
  "supplier": "TDK",
  "grade": "N45",
  "type": "ferrite",
  "data_source": "TDK N45 ferrite datasheet rev.2023",
  "data_quality": "steinmetz_fitted_to_datasheet",
  "basic": {
    "mu_initial": 2500,
    "mu_initial_tolerance_pct": 25,
    "curie_temp_C": 220,
    "resistivity_ohm_m": 4.0
  },
  "Bsat_vs_T": {
    "description": "Bsat (T) at H=1200A/m vs temperature.",
    "T_C": [
      25,
      60,
      80,
      100,
      120
    ],
    "Bsat": [
      0.49,
      0.458,
      0.435,
      0.405,
      0.368
    ]
  },
  "mu_r_vs_T": {
    "description": "TDK N45 \u00b5r vs temperature.",
    "T_C": [
      25,
      60,
      80,
      100,
      120
    ],
    "mu_r": [
      2500,
      2600,
      2700,
      2500,
      2100
    ]
  },
  "steinmetz_25C": {
    "Pv_ref_kW_m3": 90.0,
    "f_ref_kHz": 100,
    "B_ref_T": 0.1,
    "alpha": 1.25,
    "beta": 2.5,
    "note": "TDK N45 at 25\u00b0C"
  },
  "steinmetz_100C": {
    "Pv_ref_kW_m3": 120.0,
    "f_ref_kHz": 100,
    "B_ref_T": 0.1,
    "alpha": 1.25,
    "beta": 2.5,
    "note": "TDK N45 at 100\u00b0C. Better than N41. Good general purpose. N87 preferred."
  },
  "core_loss_surface_25C": {
    "T_C": 25,
    "f_kHz": [
      10,
      25,
      50,
      70,
      100,
      200,
      300,
      500,
      1000
    ],
    "B_pk_T": [
      0.005,
      0.01,
      0.02,
      0.05,
      0.08,
      0.1,
      0.15,
      0.2,
      0.25,
      0.3,
      0.4
    ],
    "Pv_kW_m3": [
      [
        0.00283,
        0.00889,
        0.02115,
        0.03221,
        0.05031,
        0.11966,
        0.19864,
        0.37617,
        0.89468
      ],
      [
        0.016,
        0.05031,
        0.11966,
        0.18223,
        0.2846,
        0.67691,
        1.12368,
        2.12792,
        5.06107
      ],
      [
        0.09054,
        0.2846,
        0.67691,
        1.03084,
        1.60997,
        3.82917,
        6.35651,
        12.03733,
        28.62975
      ],
      [
        0.89468,
        2.8125,
        6.68929,
        10.18685,
        15.9099,
        37.84034,
        62.81583,
        118.95427,
        282.92252
      ],
      [
        2.89713,
        9.10736,
        21.66107,
        32.98679,
        51.51901,
        122.53354,
        203.40848,
        385.19442,
        916.15188
      ],
      [
        5.06107,
        15.9099,
        37.84034,
        57.62555,
        90.0,
        214.05728,
        355.33998,
        672.90695,
        1600.45147
      ],
      [
        13.94667,
        43.84254,
        104.27571,
        158.79733,
        248.01084,
        589.8725,
        979.20185,
        1854.31351,
        4410.32564
      ],
      [
        28.62975,
        90.0,
        214.05728,
        325.97932,
        509.11688,
        1210.89084,
        2010.1065,
        3806.53655,
        9053.52069
      ],
      [
        50.01411,
        157.22353,
        373.94268,
        569.46244,
        889.39059,
        2115.33924,
        3511.51154,
        6649.74569,
        15815.84977
      ],
      [
        78.8943,
        248.01084,
        589.8725,
        898.29337,
        1402.96115,
        3336.82277,
        5539.20215,
        10489.58126,
        24948.56933
      ],
      [
        161.9543,
        509.11688,
        1210.89084,
        1844.0175,
        2880.0,
        6849.83298,
        11370.87947,
        21533.02245,
        51214.44701
      ]
    ],
    "note": "kW/m\u00b3. Extended grid: 10-1000kHz, 0.005-0.40T. Log-log bilinear interpolation."
  },
  "core_loss_surface_100C": {
    "T_C": 0,
    "f_kHz": [
      10,
      25,
      50,
      70,
      100,
      200,
      300,
      500,
      1000
    ],
    "B_pk_T": [
      0.005,
      0.01,
      0.02,
      0.05,
      0.08,
      0.1,
      0.15,
      0.2,
      0.25,
      0.3,
      0.4
    ],
    "Pv_kW_m3": [
      [
        0.00377,
        0.01186,
        0.0282,
        0.04295,
        0.06708,
        0.15955,
        0.26485,
        0.50156,
        1.19291
      ],
      [
        0.02134,
        0.06708,
        0.15955,
        0.24297,
        0.37947,
        0.90254,
        1.49824,
        2.83722,
        6.7481
      ],
      [
        0.12071,
        0.37947,
        0.90254,
        1.37445,
        2.14663,
        5.10556,
        8.47535,
        16.04977,
        38.17299
      ],
      [
        1.19291,
        3.75,
        8.91905,
        13.58247,
        21.2132,
        50.45378,
        83.75444,
        158.60569,
        377.23003
      ],
      [
        3.86284,
        12.14315,
        28.88143,
        43.98238,
        68.69201,
        163.37805,
        271.2113,
        513.59255,
        1221.53584
      ],
      [
        6.7481,
        21.2132,
        50.45378,
        76.83406,
        120.0,
        285.40971,
        473.78664,
        897.20927,
        2133.93529
      ],
      [
        18.59557,
        58.45671,
        139.03428,
        211.72978,
        330.68112,
        786.49667,
        1305.60247,
        2472.41801,
        5880.43419
      ],
      [
        38.17299,
        120.0,
        285.40971,
        434.63909,
        678.82251,
        1614.52112,
        2680.14199,
        5075.38206,
        12071.36092
      ],
      [
        66.68548,
        209.63137,
        498.59024,
        759.28325,
        1185.85412,
        2820.45232,
        4682.01538,
        8866.32758,
        21087.79969
      ],
      [
        105.1924,
        330.68112,
        786.49667,
        1197.7245,
        1870.61487,
        4449.09703,
        7385.60286,
        13986.10835,
        33264.75911
      ],
      [
        215.93907,
        678.82251,
        1614.52112,
        2458.69,
        3840.0,
        9133.11064,
        15161.17263,
        28710.6966,
        68285.92935
      ]
    ],
    "note": "kW/m\u00b3. Extended grid: 10-1000kHz, 0.005-0.40T. Log-log bilinear interpolation."
  },
  "fsw_range_kHz": {
    "min": 10,
    "max": 300,
    "note": "Optimal switching frequency range 10-300 kHz"
  }
}