{
  "supplier": "TDK",
  "grade": "N49",
  "type": "ferrite",
  "data_source": "TDK N49 ferrite datasheet rev.2023",
  "data_quality": "steinmetz_fitted_to_datasheet",
  "basic": {
    "mu_initial": 2700,
    "mu_initial_tolerance_pct": 25,
    "curie_temp_C": 220,
    "resistivity_ohm_m": 4.0
  },
  "Bsat_vs_T": {
    "description": "Bsat (T) at H=1200A/m vs temperature.",
    "T_C": [
      25,
      60,
      80,
      100,
      120
    ],
    "Bsat": [
      0.5,
      0.468,
      0.445,
      0.415,
      0.378
    ]
  },
  "mu_r_vs_T": {
    "description": "TDK N49 \u00b5r vs temperature.",
    "T_C": [
      25,
      60,
      80,
      100,
      120
    ],
    "mu_r": [
      2700,
      2800,
      2900,
      2700,
      2300
    ]
  },
  "steinmetz_25C": {
    "Pv_ref_kW_m3": 65.0,
    "f_ref_kHz": 100,
    "B_ref_T": 0.1,
    "alpha": 1.2,
    "beta": 2.5,
    "note": "TDK N49 at 25\u00b0C"
  },
  "steinmetz_100C": {
    "Pv_ref_kW_m3": 80.0,
    "f_ref_kHz": 100,
    "B_ref_T": 0.1,
    "alpha": 1.2,
    "beta": 2.5,
    "note": "TDK N49 at 100\u00b0C. Good at 70kHz, comparable to Ferroxcube 3C94. Wide availability."
  },
  "core_loss_surface_25C": {
    "T_C": 25,
    "f_kHz": [
      10,
      25,
      50,
      70,
      100,
      200,
      300,
      500,
      1000
    ],
    "B_pk_T": [
      0.005,
      0.01,
      0.02,
      0.05,
      0.08,
      0.1,
      0.15,
      0.2,
      0.25,
      0.3,
      0.4
    ],
    "Pv_kW_m3": [
      [
        0.00229,
        0.00688,
        0.01582,
        0.02368,
        0.03634,
        0.08348,
        0.1358,
        0.25067,
        0.57589
      ],
      [
        0.01297,
        0.03894,
        0.08947,
        0.13398,
        0.20555,
        0.47223,
        0.76817,
        1.418,
        3.25772
      ],
      [
        0.07336,
        0.2203,
        0.50612,
        0.75789,
        1.16276,
        2.67131,
        4.34544,
        8.02144,
        18.42843
      ],
      [
        0.725,
        2.17704,
        5.00152,
        7.48956,
        11.49049,
        26.3982,
        42.94216,
        79.26882,
        182.11192
      ],
      [
        2.34768,
        7.04963,
        16.1958,
        24.25247,
        37.20817,
        85.48193,
        139.05411,
        256.68609,
        589.70977
      ],
      [
        4.10122,
        12.3152,
        28.29289,
        42.36732,
        65.0,
        149.33079,
        242.91753,
        448.41214,
        1030.18058
      ],
      [
        11.30164,
        33.93669,
        77.96605,
        116.75061,
        179.11894,
        411.50726,
        669.40201,
        1235.67855,
        2838.84385
      ],
      [
        23.20002,
        69.66528,
        160.04877,
        239.66576,
        367.69553,
        844.74249,
        1374.14908,
        2536.60212,
        5827.58136
      ],
      [
        40.52877,
        121.70023,
        279.5937,
        418.67885,
        642.33765,
        1475.7044,
        2400.53965,
        4431.26154,
        10180.36568
      ],
      [
        63.93174,
        191.97492,
        441.04256,
        660.44118,
        1013.24972,
        2327.83658,
        3786.70959,
        6990.05348,
        16058.92587
      ],
      [
        131.23913,
        394.08631,
        905.37259,
        1355.75428,
        2080.0,
        4778.58516,
        7773.36106,
        14349.18848,
        32965.7784
      ]
    ],
    "note": "kW/m\u00b3. Extended grid: 10-1000kHz, 0.005-0.40T. Log-log bilinear interpolation."
  },
  "core_loss_surface_100C": {
    "T_C": 0,
    "f_kHz": [
      10,
      25,
      50,
      70,
      100,
      200,
      300,
      500,
      1000
    ],
    "B_pk_T": [
      0.005,
      0.01,
      0.02,
      0.05,
      0.08,
      0.1,
      0.15,
      0.2,
      0.25,
      0.3,
      0.4
    ],
    "Pv_kW_m3": [
      [
        0.00282,
        0.00847,
        0.01947,
        0.02915,
        0.04472,
        0.10274,
        0.16713,
        0.30852,
        0.70879
      ],
      [
        0.01596,
        0.04793,
        0.11012,
        0.1649,
        0.25298,
        0.5812,
        0.94544,
        1.74524,
        4.0095
      ],
      [
        0.0903,
        0.27114,
        0.62292,
        0.93279,
        1.43108,
        3.28777,
        5.34824,
        9.87254,
        22.68115
      ],
      [
        0.89231,
        2.67943,
        6.15572,
        9.21791,
        14.14214,
        32.4901,
        52.85189,
        97.56162,
        224.13774
      ],
      [
        2.88945,
        8.67647,
        19.93329,
        29.84919,
        45.79467,
        105.20853,
        171.14352,
        315.92134,
        725.79664
      ],
      [
        5.04766,
        15.15717,
        34.82202,
        52.1444,
        80.0,
        183.79174,
        298.97543,
        551.89186,
        1267.91455
      ],
      [
        13.90971,
        41.76824,
        95.95821,
        143.69306,
        220.45408,
        506.47047,
        823.87939,
        1520.83514,
        3493.96166
      ],
      [
        28.55387,
        85.74188,
        196.98311,
        294.97324,
        452.54834,
        1039.68307,
        1691.26041,
        3121.97184,
        7172.40783
      ],
      [
        49.88156,
        149.78489,
        344.11532,
        515.29705,
        790.56942,
        1816.25157,
        2954.51034,
        5453.86036,
        12529.68084
      ],
      [
        78.68521,
        236.27683,
        542.82161,
        812.85068,
        1247.07658,
        2865.02964,
        4660.56564,
        8603.14275,
        19764.83184
      ],
      [
        161.52508,
        485.0293,
        1114.30472,
        1668.62065,
        2560.0,
        5881.33558,
        9567.21362,
        17660.53967,
        40573.26573
      ]
    ],
    "note": "kW/m\u00b3. Extended grid: 10-1000kHz, 0.005-0.40T. Log-log bilinear interpolation."
  },
  "fsw_range_kHz": {
    "min": 10,
    "max": 500,
    "note": "Optimal switching frequency range 10-500 kHz"
  }
}