{
  "supplier": "TDK",
  "grade": "N87",
  "type": "ferrite",
  "data_source": "TDK N87 ferrite core datasheet rev.2023. Near-equivalent of Ferroxcube 3C95.",
  "data_quality": "steinmetz_fitted_to_datasheet",
  "basic": {
    "mu_initial": 2200,
    "mu_initial_tolerance_pct": 25,
    "curie_temp_C": 210,
    "resistivity_ohm_m": 4.0
  },
  "Bsat_vs_T": {
    "description": "N87 Bsat. Source: TDK N87 datasheet Fig.3.",
    "T_C": [
      25,
      60,
      80,
      100,
      120
    ],
    "Bsat": [
      0.49,
      0.46,
      0.44,
      0.41,
      0.375
    ]
  },
  "mu_r_vs_T": {
    "description": "N87 \u00b5r. TDK N87 datasheet Fig.4.",
    "T_C": [
      25,
      60,
      80,
      100,
      120
    ],
    "mu_r": [
      2200,
      2400,
      2500,
      2200,
      1900
    ]
  },
  "steinmetz_25C": {
    "Pv_ref_kW_m3": 55.0,
    "f_ref_kHz": 100,
    "B_ref_T": 0.1,
    "alpha": 1.2,
    "beta": 2.7,
    "note": "TDK N87 datasheet. \u03b1=1.20, \u03b2=2.70 \u2014 steeper B exponent than Ferroxcube."
  },
  "steinmetz_100C": {
    "Pv_ref_kW_m3": 75.0,
    "f_ref_kHz": 100,
    "B_ref_T": 0.1,
    "alpha": 1.2,
    "beta": 2.7,
    "note": "N87 at 100\u00b0C. Temp factor \u22481.36."
  },
  "core_loss_surface_25C": {
    "T_C": 25,
    "f_kHz": [
      10,
      25,
      50,
      70,
      100,
      200,
      300,
      500,
      1000
    ],
    "B_pk_T": [
      0.005,
      0.01,
      0.02,
      0.05,
      0.08,
      0.1,
      0.15,
      0.2,
      0.25,
      0.3,
      0.4
    ],
    "Pv_kW_m3": [
      [
        0.00107,
        0.0032,
        0.00735,
        0.01101,
        0.01689,
        0.0388,
        0.06311,
        0.11651,
        0.26766
      ],
      [
        0.00692,
        0.02079,
        0.04777,
        0.07153,
        0.10974,
        0.25211,
        0.41012,
        0.75705,
        1.73925
      ],
      [
        0.04499,
        0.13511,
        0.31039,
        0.46479,
        0.71309,
        1.63825,
        2.66495,
        4.91935,
        11.3017
      ],
      [
        0.53405,
        1.60365,
        3.68422,
        5.51695,
        8.46412,
        19.44544,
        31.63204,
        58.39097,
        134.14723
      ],
      [
        1.89979,
        5.70471,
        13.10598,
        19.62562,
        30.10965,
        69.1738,
        112.52555,
        207.71586,
        477.20574
      ],
      [
        3.47027,
        10.42055,
        23.94014,
        35.84927,
        55.0,
        126.35682,
        205.54561,
        379.42566,
        871.69126
      ],
      [
        10.37072,
        31.14133,
        71.54398,
        107.13386,
        164.3649,
        377.61139,
        614.26334,
        1133.89566,
        2605.00817
      ],
      [
        22.54985,
        67.71294,
        155.56349,
        232.94925,
        357.39105,
        821.06903,
        1335.63928,
        2465.51519,
        5664.26649
      ],
      [
        41.19085,
        123.68833,
        284.16116,
        425.51842,
        652.83092,
        1499.8116,
        2439.75501,
        4503.65089,
        10346.67274
      ],
      [
        67.38917,
        202.35693,
        464.89415,
        696.15785,
        1068.04629,
        2453.72604,
        3991.49494,
        7368.07576,
        16927.393
      ],
      [
        146.52936,
        440.0,
        1010.85455,
        1513.70872,
        2322.33392,
        5335.32231,
        8679.00966,
        16020.96499,
        36806.51225
      ]
    ],
    "note": "kW/m\u00b3. Extended grid: 10-1000kHz, 0.005-0.40T. Log-log bilinear interpolation."
  },
  "core_loss_surface_100C": {
    "T_C": 0,
    "f_kHz": [
      10,
      25,
      50,
      70,
      100,
      200,
      300,
      500,
      1000
    ],
    "B_pk_T": [
      0.005,
      0.01,
      0.02,
      0.05,
      0.08,
      0.1,
      0.15,
      0.2,
      0.25,
      0.3,
      0.4
    ],
    "Pv_kW_m3": [
      [
        0.00145,
        0.00436,
        0.01002,
        0.01501,
        0.02303,
        0.05291,
        0.08606,
        0.15887,
        0.36499
      ],
      [
        0.00944,
        0.02835,
        0.06514,
        0.09754,
        0.14964,
        0.34379,
        0.55925,
        1.03235,
        2.37171
      ],
      [
        0.06135,
        0.18423,
        0.42326,
        0.63381,
        0.97239,
        2.23397,
        3.63402,
        6.7082,
        15.41141
      ],
      [
        0.72825,
        2.1868,
        5.02394,
        7.52312,
        11.54198,
        26.5165,
        43.1346,
        79.62405,
        182.92804
      ],
      [
        2.59062,
        7.77915,
        17.8718,
        26.7622,
        41.05861,
        94.32791,
        153.44394,
        283.2489,
        650.73509
      ],
      [
        4.73218,
        14.20984,
        32.64565,
        48.88537,
        75.0,
        172.30475,
        280.28946,
        517.39862,
        1188.66989
      ],
      [
        14.1419,
        42.46544,
        97.55997,
        146.09162,
        224.13396,
        514.92462,
        837.63182,
        1546.22136,
        3552.28386
      ],
      [
        30.7498,
        92.33583,
        212.13203,
        317.65807,
        487.35144,
        1119.63959,
        1821.32629,
        3362.06617,
        7723.99976
      ],
      [
        56.16934,
        168.6659,
        387.49249,
        580.25239,
        890.22398,
        2045.19763,
        3326.93865,
        6141.34213,
        14109.09919
      ],
      [
        91.89432,
        275.94127,
        633.94657,
        949.30616,
        1456.42676,
        3345.99006,
        5442.94764,
        10047.37603,
        23082.80864
      ],
      [
        199.81277,
        600.0,
        1378.43803,
        2064.14826,
        3166.81899,
        7275.43952,
        11835.01317,
        21846.77044,
        50190.69852
      ]
    ],
    "note": "kW/m\u00b3. Extended grid: 10-1000kHz, 0.005-0.40T. Log-log bilinear interpolation."
  },
  "topology_applicability": {
    "boost_pfc": "good",
    "flyback": "good",
    "forward": "good",
    "llc": "good"
  },
  "fsw_range_kHz": {
    "min": 10,
    "max": 500,
    "note": "Optimal switching frequency range 10-500 kHz"
  }
}