{
  "supplier": "TDK",
  "grade": "N95",
  "type": "ferrite",
  "data_source": "TDK N95 ferrite datasheet rev.2023",
  "data_quality": "steinmetz_fitted_to_datasheet",
  "basic": {
    "mu_initial": 2100,
    "mu_initial_tolerance_pct": 25,
    "curie_temp_C": 210,
    "resistivity_ohm_m": 4.0
  },
  "Bsat_vs_T": {
    "description": "Bsat (T) at H=1200A/m vs temperature.",
    "T_C": [
      25,
      60,
      80,
      100,
      120
    ],
    "Bsat": [
      0.49,
      0.462,
      0.443,
      0.415,
      0.38
    ]
  },
  "mu_r_vs_T": {
    "description": "TDK N95 \u00b5r vs temperature.",
    "T_C": [
      25,
      60,
      80,
      100,
      120
    ],
    "mu_r": [
      2100,
      2200,
      2300,
      2200,
      1900
    ]
  },
  "steinmetz_25C": {
    "Pv_ref_kW_m3": 45.0,
    "f_ref_kHz": 100,
    "B_ref_T": 0.1,
    "alpha": 1.2,
    "beta": 2.6,
    "note": "TDK N95 at 25\u00b0C"
  },
  "steinmetz_100C": {
    "Pv_ref_kW_m3": 60.0,
    "f_ref_kHz": 100,
    "B_ref_T": 0.1,
    "alpha": 1.2,
    "beta": 2.6,
    "note": "TDK N95 at 100\u00b0C. TDK equivalent of Ferroxcube 3C97. Lowest TDK loss at 70kHz. Temperature-stable. \u2605 Recommended."
  },
  "core_loss_surface_25C": {
    "T_C": 25,
    "f_kHz": [
      10,
      25,
      50,
      70,
      100,
      200,
      300,
      500,
      1000
    ],
    "B_pk_T": [
      0.005,
      0.01,
      0.02,
      0.05,
      0.08,
      0.1,
      0.15,
      0.2,
      0.25,
      0.3,
      0.4
    ],
    "Pv_kW_m3": [
      [
        0.00118,
        0.00353,
        0.00812,
        0.01215,
        0.01864,
        0.04283,
        0.06968,
        0.12862,
        0.29548
      ],
      [
        0.00713,
        0.02142,
        0.0492,
        0.07368,
        0.11303,
        0.25969,
        0.42243,
        0.77979,
        1.79148
      ],
      [
        0.04324,
        0.12984,
        0.2983,
        0.44669,
        0.68532,
        1.57444,
        2.56116,
        4.72775,
        10.86152
      ],
      [
        0.46831,
        1.40625,
        3.23071,
        4.83785,
        7.42223,
        17.05181,
        27.73831,
        51.20337,
        117.63445
      ],
      [
        1.58945,
        4.77281,
        10.96505,
        16.41966,
        25.19106,
        57.87386,
        94.14386,
        173.78428,
        399.25143
      ],
      [
        2.83931,
        8.52591,
        19.58739,
        29.33122,
        45.0,
        103.38285,
        168.17368,
        310.43917,
        713.20194
      ],
      [
        8.14798,
        24.46684,
        56.21003,
        84.17196,
        129.13673,
        296.6783,
        482.60886,
        890.86889,
        2046.67925
      ],
      [
        17.21434,
        51.69143,
        118.75571,
        177.83128,
        272.82898,
        626.79641,
        1019.61451,
        1882.15119,
        4324.04796
      ],
      [
        30.75081,
        92.33887,
        212.13901,
        317.66852,
        487.36747,
        1119.67642,
        1821.3862,
        3362.17676,
        7724.25382
      ],
      [
        49.40009,
        148.33915,
        340.79388,
        510.32333,
        782.93873,
        1798.72086,
        2925.99299,
        5401.21893,
        12408.7426
      ],
      [
        104.36827,
        313.3982,
        720.0,
        1078.16726,
        1654.12563,
        3800.18278,
        6181.78643,
        11411.23099,
        26216.12452
      ]
    ],
    "note": "kW/m\u00b3. Extended grid: 10-1000kHz, 0.005-0.40T. Log-log bilinear interpolation."
  },
  "core_loss_surface_100C": {
    "T_C": 0,
    "f_kHz": [
      10,
      25,
      50,
      70,
      100,
      200,
      300,
      500,
      1000
    ],
    "B_pk_T": [
      0.005,
      0.01,
      0.02,
      0.05,
      0.08,
      0.1,
      0.15,
      0.2,
      0.25,
      0.3,
      0.4
    ],
    "Pv_kW_m3": [
      [
        0.00157,
        0.00471,
        0.01082,
        0.0162,
        0.02486,
        0.05711,
        0.0929,
        0.17149,
        0.39398
      ],
      [
        0.00951,
        0.02855,
        0.0656,
        0.09824,
        0.15071,
        0.34625,
        0.56324,
        1.03972,
        2.38864
      ],
      [
        0.05765,
        0.17312,
        0.39773,
        0.59559,
        0.91375,
        2.09926,
        3.41487,
        6.30367,
        14.48202
      ],
      [
        0.62441,
        1.875,
        4.30762,
        6.45046,
        9.89631,
        22.73575,
        36.98442,
        68.27116,
        156.84593
      ],
      [
        2.11926,
        6.36375,
        14.62006,
        21.89288,
        33.58808,
        77.16515,
        125.52514,
        231.71237,
        532.33524
      ],
      [
        3.78574,
        11.36787,
        26.11652,
        39.1083,
        60.0,
        137.8438,
        224.23157,
        413.9189,
        950.93592
      ],
      [
        10.86397,
        32.62245,
        74.9467,
        112.22928,
        172.18231,
        395.57107,
        643.47848,
        1187.82518,
        2728.90567
      ],
      [
        22.95246,
        68.9219,
        158.34095,
        237.10837,
        363.77198,
        835.72854,
        1359.48602,
        2509.53493,
        5765.39728
      ],
      [
        41.00108,
        123.11849,
        282.85202,
        423.55803,
        649.82329,
        1492.90189,
        2428.51493,
        4482.90234,
        10299.00509
      ],
      [
        65.86679,
        197.78553,
        454.39183,
        680.43111,
        1043.9183,
        2398.29448,
        3901.32399,
        7201.62524,
        16544.99014
      ],
      [
        139.1577,
        417.86427,
        960.0,
        1437.55634,
        2205.50084,
        5066.91038,
        8242.38191,
        15214.97465,
        34954.8327
      ]
    ],
    "note": "kW/m\u00b3. Extended grid: 10-1000kHz, 0.005-0.40T. Log-log bilinear interpolation."
  },
  "topology_applicability": {
    "boost_pfc": "best",
    "flyback": "best",
    "forward": "best",
    "llc": "good",
    "note": "TDK equivalent of 3C97"
  },
  "fsw_range_kHz": {
    "min": 25,
    "max": 500,
    "note": "Optimal switching frequency range 25-500 kHz"
  }
}