{
  "supplier": "TDK",
  "grade": "N97",
  "type": "ferrite",
  "data_source": "TDK N97 ferrite datasheet rev.2023",
  "data_quality": "steinmetz_fitted_to_datasheet",
  "basic": {
    "mu_initial": 2200,
    "mu_initial_tolerance_pct": 25,
    "curie_temp_C": 215,
    "resistivity_ohm_m": 4.0
  },
  "Bsat_vs_T": {
    "description": "Bsat (T) at H=1200A/m vs temperature.",
    "T_C": [
      25,
      60,
      80,
      100,
      120
    ],
    "Bsat": [
      0.49,
      0.46,
      0.438,
      0.41,
      0.375
    ]
  },
  "mu_r_vs_T": {
    "description": "TDK N97 \u00b5r vs temperature.",
    "T_C": [
      25,
      60,
      80,
      100,
      120
    ],
    "mu_r": [
      2200,
      2300,
      2400,
      2300,
      2000
    ]
  },
  "steinmetz_25C": {
    "Pv_ref_kW_m3": 40.0,
    "f_ref_kHz": 100,
    "B_ref_T": 0.1,
    "alpha": 1.18,
    "beta": 2.5,
    "note": "TDK N97 at 25\u00b0C"
  },
  "steinmetz_100C": {
    "Pv_ref_kW_m3": 50.0,
    "f_ref_kHz": 100,
    "B_ref_T": 0.1,
    "alpha": 1.18,
    "beta": 2.5,
    "note": "TDK N97 at 100\u00b0C. Good at 70-200kHz. Slight loss advantage over N95 above 100kHz."
  },
  "core_loss_surface_25C": {
    "T_C": 25,
    "f_kHz": [
      10,
      25,
      50,
      70,
      100,
      200,
      300,
      500,
      1000
    ],
    "B_pk_T": [
      0.005,
      0.01,
      0.02,
      0.05,
      0.08,
      0.1,
      0.15,
      0.2,
      0.25,
      0.3,
      0.4
    ],
    "Pv_kW_m3": [
      [
        0.00148,
        0.00436,
        0.00987,
        0.01468,
        0.02236,
        0.05066,
        0.08175,
        0.14937,
        0.33844
      ],
      [
        0.00836,
        0.02464,
        0.05583,
        0.08304,
        0.12649,
        0.2866,
        0.46245,
        0.84498,
        1.91452
      ],
      [
        0.04728,
        0.13938,
        0.31581,
        0.46973,
        0.71554,
        1.62125,
        2.616,
        4.77991,
        10.83016
      ],
      [
        0.46718,
        1.37738,
        3.12083,
        4.64195,
        7.07107,
        16.0214,
        25.85164,
        47.23562,
        107.02494
      ],
      [
        1.51281,
        4.4602,
        10.10577,
        15.03144,
        22.89734,
        51.88005,
        83.71206,
        152.95707,
        346.56521
      ],
      [
        2.64277,
        7.79165,
        17.65406,
        26.25885,
        40.0,
        90.63071,
        146.23895,
        267.20501,
        605.4245
      ],
      [
        7.28263,
        21.47125,
        48.64887,
        72.36088,
        110.22704,
        249.74887,
        402.98717,
        736.33042,
        1668.35374
      ],
      [
        14.94979,
        44.0762,
        99.86644,
        148.54248,
        226.27417,
        512.68472,
        827.25245,
        1511.5398,
        3424.79815
      ],
      [
        26.1162,
        76.99796,
        174.4595,
        259.49303,
        395.28471,
        895.62335,
        1445.15055,
        2640.55135,
        5982.87615
      ],
      [
        41.19677,
        121.45974,
        275.19956,
        409.33494,
        623.53829,
        1412.79296,
        2279.63968,
        4165.31388,
        9437.63394
      ],
      [
        84.56876,
        249.33267,
        564.92992,
        840.28315,
        1280.0,
        2900.18275,
        4679.64653,
        8550.56031,
        19373.58398
      ]
    ],
    "note": "kW/m\u00b3. Extended grid: 10-1000kHz, 0.005-0.40T. Log-log bilinear interpolation."
  },
  "core_loss_surface_100C": {
    "T_C": 0,
    "f_kHz": [
      10,
      25,
      50,
      70,
      100,
      200,
      300,
      500,
      1000
    ],
    "B_pk_T": [
      0.005,
      0.01,
      0.02,
      0.05,
      0.08,
      0.1,
      0.15,
      0.2,
      0.25,
      0.3,
      0.4
    ],
    "Pv_kW_m3": [
      [
        0.00185,
        0.00544,
        0.01234,
        0.01835,
        0.02795,
        0.06333,
        0.10219,
        0.18672,
        0.42305
      ],
      [
        0.01045,
        0.0308,
        0.06978,
        0.1038,
        0.15811,
        0.35825,
        0.57806,
        1.05622,
        2.39315
      ],
      [
        0.05909,
        0.17423,
        0.39476,
        0.58717,
        0.89443,
        2.02656,
        3.27,
        5.97489,
        13.5377
      ],
      [
        0.58398,
        1.72173,
        3.90103,
        5.80244,
        8.83883,
        20.02675,
        32.31455,
        59.04452,
        133.78118
      ],
      [
        1.89101,
        5.57525,
        12.63222,
        18.7893,
        28.62167,
        64.85006,
        104.64008,
        191.19634,
        433.20651
      ],
      [
        3.30347,
        9.73956,
        22.06757,
        32.82356,
        50.0,
        113.28839,
        182.79869,
        334.00626,
        756.78062
      ],
      [
        9.10329,
        26.83906,
        60.81109,
        90.4511,
        137.7838,
        312.18609,
        503.73396,
        920.41303,
        2085.44217
      ],
      [
        18.68723,
        55.09526,
        124.83305,
        185.6781,
        282.84271,
        640.8559,
        1034.06556,
        1889.42474,
        4280.99769
      ],
      [
        32.64525,
        96.24745,
        218.07437,
        324.36629,
        494.10588,
        1119.52919,
        1806.43819,
        3300.68919,
        7478.59519
      ],
      [
        51.49596,
        151.82467,
        343.99945,
        511.66867,
        779.42286,
        1765.9912,
        2849.54961,
        5206.64235,
        11797.04242
      ],
      [
        105.71095,
        311.66583,
        706.1624,
        1050.35394,
        1600.0,
        3625.22843,
        5849.55816,
        10688.20039,
        24216.97997
      ]
    ],
    "note": "kW/m\u00b3. Extended grid: 10-1000kHz, 0.005-0.40T. Log-log bilinear interpolation."
  },
  "topology_applicability": {
    "boost_pfc": "good",
    "flyback": "good",
    "forward": "good",
    "llc": "best"
  },
  "fsw_range_kHz": {
    "min": 50,
    "max": 700,
    "note": "Optimal switching frequency range 50-700 kHz"
  }
}