{
  "supplier": "TDK",
  "grade": "PC95",
  "type": "ferrite",
  "data_source": "TDK PC95 ferrite datasheet rev.2023",
  "data_quality": "steinmetz_fitted_to_datasheet",
  "basic": {
    "mu_initial": 2100,
    "mu_initial_tolerance_pct": 25,
    "curie_temp_C": 215,
    "resistivity_ohm_m": 4.0
  },
  "Bsat_vs_T": {
    "description": "Bsat (T) at H=1200A/m vs temperature.",
    "T_C": [
      25,
      60,
      80,
      100,
      120
    ],
    "Bsat": [
      0.49,
      0.46,
      0.44,
      0.412,
      0.377
    ]
  },
  "mu_r_vs_T": {
    "description": "TDK PC95 \u00b5r vs temperature.",
    "T_C": [
      25,
      60,
      80,
      100,
      120
    ],
    "mu_r": [
      2100,
      2200,
      2300,
      2200,
      1900
    ]
  },
  "steinmetz_25C": {
    "Pv_ref_kW_m3": 42.0,
    "f_ref_kHz": 100,
    "B_ref_T": 0.1,
    "alpha": 1.2,
    "beta": 2.5,
    "note": "TDK PC95 at 25\u00b0C"
  },
  "steinmetz_100C": {
    "Pv_ref_kW_m3": 55.0,
    "f_ref_kHz": 100,
    "B_ref_T": 0.1,
    "alpha": 1.2,
    "beta": 2.5,
    "note": "TDK PC95 at 100\u00b0C. Premium TDK grade. Broad availability. Justified for Medical with tight loss budget."
  },
  "core_loss_surface_25C": {
    "T_C": 25,
    "f_kHz": [
      10,
      25,
      50,
      70,
      100,
      200,
      300,
      500,
      1000
    ],
    "B_pk_T": [
      0.005,
      0.01,
      0.02,
      0.05,
      0.08,
      0.1,
      0.15,
      0.2,
      0.25,
      0.3,
      0.4
    ],
    "Pv_kW_m3": [
      [
        0.00148,
        0.00445,
        0.01022,
        0.0153,
        0.02348,
        0.05394,
        0.08774,
        0.16197,
        0.37211
      ],
      [
        0.00838,
        0.02516,
        0.05781,
        0.08657,
        0.13282,
        0.30513,
        0.49636,
        0.91625,
        2.10499
      ],
      [
        0.04741,
        0.14235,
        0.32703,
        0.48971,
        0.75132,
        1.72608,
        2.80782,
        5.18308,
        11.9076
      ],
      [
        0.46846,
        1.4067,
        3.23175,
        4.8394,
        7.42462,
        17.0573,
        27.74724,
        51.21985,
        117.67232
      ],
      [
        1.51696,
        4.55515,
        10.46498,
        15.67083,
        24.0422,
        55.23448,
        89.85035,
        165.8587,
        381.04324
      ],
      [
        2.65002,
        7.95751,
        18.28156,
        27.37581,
        42.0,
        96.49066,
        156.9621,
        289.74323,
        665.65514
      ],
      [
        7.3026,
        21.92832,
        50.37806,
        75.43885,
        115.73839,
        265.897,
        432.53668,
        798.43845,
        1834.32987
      ],
      [
        14.99078,
        45.01449,
        103.41613,
        154.86095,
        237.58788,
        545.83361,
        887.91171,
        1639.03522,
        3765.51411
      ],
      [
        26.18782,
        78.63707,
        180.66055,
        270.53095,
        415.04894,
        953.53208,
        1551.11793,
        2863.27669,
        6578.08244
      ],
      [
        41.30974,
        124.04534,
        284.98135,
        426.74661,
        654.71521,
        1504.14056,
        2446.79696,
        4516.64994,
        10376.53672
      ],
      [
        84.80067,
        254.64038,
        585.00998,
        876.02584,
        1344.0,
        3087.70118,
        5022.78715,
        9271.78333,
        21300.96451
      ]
    ],
    "note": "kW/m\u00b3. Extended grid: 10-1000kHz, 0.005-0.40T. Log-log bilinear interpolation."
  },
  "core_loss_surface_100C": {
    "T_C": 0,
    "f_kHz": [
      10,
      25,
      50,
      70,
      100,
      200,
      300,
      500,
      1000
    ],
    "B_pk_T": [
      0.005,
      0.01,
      0.02,
      0.05,
      0.08,
      0.1,
      0.15,
      0.2,
      0.25,
      0.3,
      0.4
    ],
    "Pv_kW_m3": [
      [
        0.00194,
        0.00583,
        0.01338,
        0.02004,
        0.03075,
        0.07064,
        0.1149,
        0.21211,
        0.48729
      ],
      [
        0.01097,
        0.03295,
        0.07571,
        0.11337,
        0.17393,
        0.39958,
        0.64999,
        1.19985,
        2.75653
      ],
      [
        0.06208,
        0.18641,
        0.42825,
        0.64129,
        0.98387,
        2.26034,
        3.67691,
        6.78737,
        15.59329
      ],
      [
        0.61346,
        1.84211,
        4.23206,
        6.33732,
        9.72272,
        22.33694,
        36.33567,
        67.07361,
        154.0947
      ],
      [
        1.9865,
        5.96507,
        13.70414,
        20.52132,
        31.48384,
        72.33086,
        117.66117,
        217.19592,
        498.98519
      ],
      [
        3.47027,
        10.42055,
        23.94014,
        35.84927,
        55.0,
        126.35682,
        205.54561,
        379.42566,
        871.69126
      ],
      [
        9.56293,
        28.71566,
        65.97127,
        98.78898,
        151.56218,
        348.19845,
        566.41708,
        1045.57416,
        2402.09864
      ],
      [
        19.63079,
        58.94754,
        135.42589,
        202.79411,
        311.12698,
        714.78211,
        1162.74153,
        2146.35564,
        4931.03038
      ],
      [
        34.29357,
        102.97712,
        236.57929,
        354.26672,
        543.51647,
        1248.67296,
        2031.22586,
        3749.529,
        8614.15558
      ],
      [
        54.09608,
        162.44032,
        373.18986,
        558.83484,
        857.36515,
        1969.70787,
        3204.13888,
        5914.66064,
        13588.32189
      ],
      [
        111.04849,
        333.45764,
        766.0845,
        1147.1767,
        1760.0,
        4043.41821,
        6577.45936,
        12141.62102,
        27894.12019
      ]
    ],
    "note": "kW/m\u00b3. Extended grid: 10-1000kHz, 0.005-0.40T. Log-log bilinear interpolation."
  },
  "fsw_range_kHz": {
    "min": 25,
    "max": 700,
    "note": "Optimal switching frequency range 25-700 kHz"
  }
}