{
  "supplier": "Ferroxcube",
  "grade": "3C90",
  "type": "ferrite",
  "data_source": "Ferroxcube 3C90 datasheet, Soft Ferrites and Accessories 2013",
  "data_quality": "steinmetz_fitted_to_datasheet",
  "basic": {
    "mu_initial": 1500,
    "mu_initial_tolerance_pct": 25,
    "curie_temp_C": 220,
    "resistivity_ohm_m": 5.0
  },
  "Bsat_vs_T": {
    "description": "Bsat (T) at H=1200A/m vs temperature.",
    "T_C": [
      25,
      60,
      80,
      100,
      120
    ],
    "Bsat": [
      0.47,
      0.43,
      0.4,
      0.36,
      0.32
    ]
  },
  "mu_r_vs_T": {
    "description": "Initial \u00b5r vs temperature.",
    "T_C": [
      25,
      60,
      80,
      100,
      120
    ],
    "mu_r": [
      1500,
      1600,
      1700,
      1500,
      1200
    ]
  },
  "steinmetz_25C": {
    "Pv_ref_kW_m3": 140.0,
    "f_ref_kHz": 100,
    "B_ref_T": 0.1,
    "alpha": 1.3,
    "beta": 2.5,
    "note": "3C90 at 25\u00b0C"
  },
  "steinmetz_100C": {
    "Pv_ref_kW_m3": 200.0,
    "f_ref_kHz": 100,
    "B_ref_T": 0.1,
    "alpha": 1.3,
    "beta": 2.5,
    "note": "3C90 at 100\u00b0C. Legacy grade. High loss. Replaced by 3C95. Not recommended for new designs."
  },
  "core_loss_surface_25C": {
    "T_C": 25,
    "f_kHz": [
      10,
      25,
      50,
      70,
      100,
      200,
      300,
      500,
      1000
    ],
    "B_pk_T": [
      0.005,
      0.01,
      0.02,
      0.05,
      0.08,
      0.1,
      0.15,
      0.2,
      0.25,
      0.3,
      0.4
    ],
    "Pv_kW_m3": [
      [
        0.00392,
        0.01291,
        0.03178,
        0.04922,
        0.07826,
        0.1927,
        0.32645,
        0.63418,
        1.56154
      ],
      [
        0.02219,
        0.07302,
        0.1798,
        0.27846,
        0.44272,
        1.0901,
        1.84665,
        3.58748,
        8.8334
      ],
      [
        0.12552,
        0.41307,
        1.0171,
        1.57518,
        2.5044,
        6.16655,
        10.44626,
        20.29383,
        49.96927
      ],
      [
        1.24038,
        4.08202,
        10.05111,
        15.56612,
        24.74874,
        60.93854,
        103.23113,
        200.54602,
        493.80223
      ],
      [
        4.01655,
        13.21828,
        32.54723,
        50.40579,
        80.14068,
        197.32949,
        334.28019,
        649.40258,
        1599.01671
      ],
      [
        7.01662,
        23.09139,
        56.85767,
        88.0553,
        140.0,
        344.72044,
        583.96345,
        1134.45962,
        2793.36724
      ],
      [
        19.33553,
        63.63238,
        156.68131,
        242.65187,
        385.79463,
        949.93782,
        1609.21405,
        3126.2031,
        7697.61496
      ],
      [
        39.692,
        130.62462,
        321.63554,
        498.11598,
        791.95959,
        1950.03326,
        3303.39613,
        6417.47271,
        15801.67135
      ],
      [
        69.33908,
        228.19182,
        561.87416,
        870.17281,
        1383.49648,
        3406.56792,
        5770.79555,
        11210.86345,
        27604.38382
      ],
      [
        109.3783,
        359.95912,
        886.32332,
        1372.64624,
        2182.38402,
        5373.65978,
        9103.08931,
        17684.47527,
        43544.28587
      ],
      [
        224.53188,
        738.92443,
        1819.44537,
        2817.76951,
        4480.0,
        11031.05394,
        18686.83045,
        36302.70777,
        89387.75171
      ]
    ],
    "note": "kW/m\u00b3. Extended grid: 10-1000kHz, 0.005-0.40T. Log-log bilinear interpolation."
  },
  "core_loss_surface_100C": {
    "T_C": 0,
    "f_kHz": [
      10,
      25,
      50,
      70,
      100,
      200,
      300,
      500,
      1000
    ],
    "B_pk_T": [
      0.005,
      0.01,
      0.02,
      0.05,
      0.08,
      0.1,
      0.15,
      0.2,
      0.25,
      0.3,
      0.4
    ],
    "Pv_kW_m3": [
      [
        0.0056,
        0.01844,
        0.04541,
        0.07032,
        0.1118,
        0.27529,
        0.46635,
        0.90597,
        2.23077
      ],
      [
        0.0317,
        0.10432,
        0.25686,
        0.39779,
        0.63246,
        1.55729,
        2.63808,
        5.12497,
        12.61915
      ],
      [
        0.17931,
        0.5901,
        1.453,
        2.25026,
        3.57771,
        8.80935,
        14.92322,
        28.99119,
        71.38467
      ],
      [
        1.77196,
        5.83146,
        14.35873,
        22.23732,
        35.35534,
        87.05506,
        147.47304,
        286.49432,
        705.43176
      ],
      [
        5.73793,
        18.88326,
        46.49604,
        72.00828,
        114.48668,
        281.89927,
        477.54312,
        927.71797,
        2284.30959
      ],
      [
        10.02374,
        32.9877,
        81.22524,
        125.79328,
        200.0,
        492.45777,
        834.2335,
        1620.6566,
        3990.52463
      ],
      [
        27.62219,
        90.90341,
        223.83044,
        346.64552,
        551.13519,
        1357.05403,
        2298.87721,
        4466.00442,
        10996.59279
      ],
      [
        56.70286,
        186.6066,
        459.47934,
        711.59426,
        1131.37085,
        2785.7618,
        4719.13733,
        9167.81816,
        22573.81621
      ],
      [
        99.05582,
        325.98831,
        802.67738,
        1243.10402,
        1976.42354,
        4866.52559,
        8243.99365,
        16015.51922,
        39434.83403
      ],
      [
        156.25472,
        514.22732,
        1266.17618,
        1960.9232,
        3117.69145,
        7676.65683,
        13004.4133,
        25263.5361,
        62206.12267
      ],
      [
        320.75983,
        1055.60633,
        2599.20767,
        4025.38502,
        6400.0,
        15758.64849,
        26695.47207,
        51861.01109,
        127696.78816
      ]
    ],
    "note": "kW/m\u00b3. Extended grid: 10-1000kHz, 0.005-0.40T. Log-log bilinear interpolation."
  },
  "topology_applicability": {
    "boost_pfc": "poor",
    "flyback": "ok",
    "forward": "ok",
    "llc": "poor",
    "note": "Legacy \u2014 not recommended"
  },
  "fsw_range_kHz": {
    "min": 10,
    "max": 150,
    "note": "Optimal switching frequency range 10-150 kHz"
  }
}