{
  "supplier": "Ferroxcube",
  "grade": "3C92",
  "type": "ferrite",
  "data_source": "Ferroxcube 3C92 datasheet, Soft Ferrites and Accessories 2013",
  "data_quality": "steinmetz_fitted_to_datasheet",
  "basic": {
    "mu_initial": 2000,
    "mu_initial_tolerance_pct": 25,
    "curie_temp_C": 220,
    "resistivity_ohm_m": 5.0
  },
  "Bsat_vs_T": {
    "description": "Bsat (T) at H=1200A/m vs temperature.",
    "T_C": [
      25,
      60,
      80,
      100,
      120
    ],
    "Bsat": [
      0.49,
      0.455,
      0.43,
      0.4,
      0.365
    ]
  },
  "mu_r_vs_T": {
    "description": "Initial \u00b5r vs temperature.",
    "T_C": [
      25,
      60,
      80,
      100,
      120
    ],
    "mu_r": [
      2000,
      2100,
      2200,
      2000,
      1700
    ]
  },
  "steinmetz_25C": {
    "Pv_ref_kW_m3": 110.0,
    "f_ref_kHz": 100,
    "B_ref_T": 0.1,
    "alpha": 1.25,
    "beta": 2.5,
    "note": "3C92 at 25\u00b0C"
  },
  "steinmetz_100C": {
    "Pv_ref_kW_m3": 130.0,
    "f_ref_kHz": 100,
    "B_ref_T": 0.1,
    "alpha": 1.25,
    "beta": 2.5,
    "note": "3C92 at 100\u00b0C. General purpose. 3C95 is strictly better at 70kHz."
  },
  "core_loss_surface_25C": {
    "T_C": 25,
    "f_kHz": [
      10,
      25,
      50,
      70,
      100,
      200,
      300,
      500,
      1000
    ],
    "B_pk_T": [
      0.005,
      0.01,
      0.02,
      0.05,
      0.08,
      0.1,
      0.15,
      0.2,
      0.25,
      0.3,
      0.4
    ],
    "Pv_kW_m3": [
      [
        0.00346,
        0.01087,
        0.02585,
        0.03937,
        0.06149,
        0.14625,
        0.24278,
        0.45976,
        1.0935
      ],
      [
        0.01956,
        0.06149,
        0.14625,
        0.22272,
        0.34785,
        0.82733,
        1.37339,
        2.60079,
        6.18575
      ],
      [
        0.11065,
        0.34785,
        0.82733,
        1.25991,
        1.96774,
        4.6801,
        7.76907,
        14.71229,
        34.99191
      ],
      [
        1.0935,
        3.4375,
        8.1758,
        12.4506,
        19.44544,
        46.2493,
        76.7749,
        145.38855,
        345.79419
      ],
      [
        3.54093,
        11.13122,
        26.47465,
        40.31719,
        62.96767,
        149.76321,
        248.61036,
        470.79317,
        1119.74119
      ],
      [
        6.18575,
        19.44544,
        46.2493,
        70.43122,
        110.0,
        261.62557,
        434.30442,
        822.44183,
        1956.10735
      ],
      [
        17.04594,
        53.58532,
        127.44809,
        194.08563,
        303.12436,
        720.95528,
        1196.80226,
        2266.38318,
        5390.398
      ],
      [
        34.99191,
        110.0,
        261.62557,
        398.41917,
        622.25397,
        1479.97769,
        2456.79683,
        4652.43356,
        11065.41418
      ],
      [
        61.12835,
        192.16209,
        457.04105,
        696.00964,
        1087.03295,
        2585.41463,
        4291.84743,
        8127.46695,
        19330.48305
      ],
      [
        96.42637,
        303.12436,
        720.95528,
        1097.91412,
        1714.7303,
        4078.33894,
        6770.13596,
        12820.59932,
        30492.69585
      ],
      [
        197.94415,
        622.25397,
        1479.97769,
        2253.79916,
        3520.0,
        8372.01809,
        13897.74158,
        26318.13855,
        62595.43523
      ]
    ],
    "note": "kW/m\u00b3. Extended grid: 10-1000kHz, 0.005-0.40T. Log-log bilinear interpolation."
  },
  "core_loss_surface_100C": {
    "T_C": 0,
    "f_kHz": [
      10,
      25,
      50,
      70,
      100,
      200,
      300,
      500,
      1000
    ],
    "B_pk_T": [
      0.005,
      0.01,
      0.02,
      0.05,
      0.08,
      0.1,
      0.15,
      0.2,
      0.25,
      0.3,
      0.4
    ],
    "Pv_kW_m3": [
      [
        0.00409,
        0.01285,
        0.03055,
        0.04653,
        0.07267,
        0.17284,
        0.28693,
        0.54335,
        1.29231
      ],
      [
        0.02312,
        0.07267,
        0.17284,
        0.26322,
        0.4111,
        0.97776,
        1.6231,
        3.07366,
        7.31044
      ],
      [
        0.13077,
        0.4111,
        0.97776,
        1.48899,
        2.32551,
        5.53103,
        9.18163,
        17.38725,
        41.35408
      ],
      [
        1.29231,
        4.0625,
        9.66231,
        14.71434,
        22.98097,
        54.65827,
        90.73397,
        171.82283,
        408.66586
      ],
      [
        4.18474,
        13.15508,
        31.28822,
        47.64758,
        74.41634,
        176.99289,
        293.81224,
        556.39193,
        1323.33049
      ],
      [
        7.31044,
        22.98097,
        54.65827,
        83.2369,
        130.0,
        309.19385,
        513.26887,
        971.97671,
        2311.76323
      ],
      [
        20.1452,
        63.32811,
        150.62047,
        229.37393,
        358.23787,
        852.03806,
        1414.40267,
        2678.45285,
        6370.47037
      ],
      [
        41.35408,
        130.0,
        309.19385,
        470.85902,
        735.39105,
        1749.06454,
        2903.48716,
        5498.33057,
        13077.30767
      ],
      [
        72.2426,
        227.10065,
        540.13943,
        822.55685,
        1284.6753,
        3055.49001,
        5072.18333,
        9605.18822,
        22845.11634
      ],
      [
        113.95844,
        358.23787,
        852.03806,
        1297.53487,
        2026.49944,
        4819.85512,
        8001.06977,
        15151.61738,
        36036.82237
      ],
      [
        233.93399,
        735.39105,
        1749.06454,
        2663.58083,
        4160.0,
        9894.2032,
        16424.60368,
        31103.25465,
        73976.42346
      ]
    ],
    "note": "kW/m\u00b3. Extended grid: 10-1000kHz, 0.005-0.40T. Log-log bilinear interpolation."
  },
  "topology_applicability": {
    "boost_pfc": "ok",
    "flyback": "ok",
    "forward": "ok",
    "llc": "ok"
  },
  "fsw_range_kHz": {
    "min": 10,
    "max": 200,
    "note": "Optimal switching frequency range 10-200 kHz"
  }
}