{
  "supplier": "Ferroxcube",
  "grade": "3C92A",
  "type": "ferrite",
  "data_source": "Ferroxcube 3C92A datasheet, Soft Ferrites and Accessories 2013",
  "data_quality": "steinmetz_fitted_to_datasheet",
  "basic": {
    "mu_initial": 2000,
    "mu_initial_tolerance_pct": 25,
    "curie_temp_C": 220,
    "resistivity_ohm_m": 5.0
  },
  "Bsat_vs_T": {
    "description": "Bsat (T) at H=1200A/m vs temperature.",
    "T_C": [
      25,
      60,
      80,
      100,
      120
    ],
    "Bsat": [
      0.49,
      0.455,
      0.43,
      0.4,
      0.365
    ]
  },
  "mu_r_vs_T": {
    "description": "Initial \u00b5r vs temperature.",
    "T_C": [
      25,
      60,
      80,
      100,
      120
    ],
    "mu_r": [
      2000,
      2100,
      2200,
      2000,
      1700
    ]
  },
  "steinmetz_25C": {
    "Pv_ref_kW_m3": 105.0,
    "f_ref_kHz": 100,
    "B_ref_T": 0.1,
    "alpha": 1.25,
    "beta": 2.5,
    "note": "3C92A at 25\u00b0C"
  },
  "steinmetz_100C": {
    "Pv_ref_kW_m3": 125.0,
    "f_ref_kHz": 100,
    "B_ref_T": 0.1,
    "alpha": 1.25,
    "beta": 2.5,
    "note": "3C92A at 100\u00b0C. Variant of 3C92 with tighter initial permeability tolerance."
  },
  "core_loss_surface_25C": {
    "T_C": 25,
    "f_kHz": [
      10,
      25,
      50,
      70,
      100,
      200,
      300,
      500,
      1000
    ],
    "B_pk_T": [
      0.005,
      0.01,
      0.02,
      0.05,
      0.08,
      0.1,
      0.15,
      0.2,
      0.25,
      0.3,
      0.4
    ],
    "Pv_kW_m3": [
      [
        0.0033,
        0.01038,
        0.02468,
        0.03758,
        0.0587,
        0.13961,
        0.23175,
        0.43886,
        1.04379
      ],
      [
        0.01867,
        0.0587,
        0.13961,
        0.2126,
        0.33204,
        0.78973,
        1.31096,
        2.48257,
        5.90458
      ],
      [
        0.10562,
        0.33204,
        0.78973,
        1.20264,
        1.8783,
        4.46737,
        7.41593,
        14.04355,
        33.40137
      ],
      [
        1.04379,
        3.28125,
        7.80417,
        11.88466,
        18.56155,
        44.14706,
        73.28513,
        138.77998,
        330.07628
      ],
      [
        3.37998,
        10.62525,
        25.27125,
        38.48459,
        60.10551,
        142.95579,
        237.30989,
        449.39348,
        1068.84386
      ],
      [
        5.90458,
        18.56155,
        44.14706,
        67.2298,
        105.0,
        249.73349,
        414.56331,
        785.05811,
        1867.19338
      ],
      [
        16.27112,
        51.14963,
        121.655,
        185.26356,
        289.34598,
        688.18459,
        1142.40216,
        2163.36576,
        5145.37991
      ],
      [
        33.40137,
        105.0,
        249.73349,
        380.30921,
        593.9697,
        1412.70598,
        2345.12424,
        4440.95931,
        10562.44081
      ],
      [
        58.34979,
        183.42745,
        436.26646,
        664.37284,
        1037.62236,
        2467.89578,
        4096.76346,
        7758.03664,
        18451.82473
      ],
      [
        92.04335,
        289.34598,
        688.18459,
        1048.00894,
        1636.78801,
        3892.9599,
        6462.40251,
        12237.8448,
        29106.66422
      ],
      [
        188.94669,
        593.9697,
        1412.70598,
        2151.35375,
        3360.0,
        7991.47181,
        13266.02605,
        25121.85952,
        59750.18818
      ]
    ],
    "note": "kW/m\u00b3. Extended grid: 10-1000kHz, 0.005-0.40T. Log-log bilinear interpolation."
  },
  "core_loss_surface_100C": {
    "T_C": 0,
    "f_kHz": [
      10,
      25,
      50,
      70,
      100,
      200,
      300,
      500,
      1000
    ],
    "B_pk_T": [
      0.005,
      0.01,
      0.02,
      0.05,
      0.08,
      0.1,
      0.15,
      0.2,
      0.25,
      0.3,
      0.4
    ],
    "Pv_kW_m3": [
      [
        0.00393,
        0.01235,
        0.02938,
        0.04474,
        0.06988,
        0.1662,
        0.27589,
        0.52245,
        1.24261
      ],
      [
        0.02223,
        0.06988,
        0.1662,
        0.25309,
        0.39528,
        0.94015,
        1.56067,
        2.95544,
        7.02927
      ],
      [
        0.12574,
        0.39528,
        0.94015,
        1.43172,
        2.23607,
        5.3183,
        8.82849,
        16.71851,
        39.76354
      ],
      [
        1.24261,
        3.90625,
        9.29068,
        14.14841,
        22.09709,
        52.55603,
        87.24421,
        165.21426,
        392.94795
      ],
      [
        4.02379,
        12.64911,
        30.08482,
        45.81498,
        71.55418,
        170.18547,
        282.51177,
        534.99224,
        1272.43317
      ],
      [
        7.02927,
        22.09709,
        52.55603,
        80.03548,
        125.0,
        297.30178,
        493.52775,
        934.59299,
        2222.84926
      ],
      [
        19.37038,
        60.89241,
        144.82738,
        220.55185,
        344.4595,
        819.26736,
        1360.00257,
        2575.43543,
        6125.45228
      ],
      [
        39.76354,
        125.0,
        297.30178,
        452.74905,
        707.10678,
        1681.79283,
        2791.81458,
        5286.85632,
        12574.3343
      ],
      [
        69.46404,
        218.36601,
        519.36483,
        790.92005,
        1235.26471,
        2937.97117,
        4877.09936,
        9235.7579,
        21966.45802
      ],
      [
        109.57542,
        344.4595,
        819.26736,
        1247.62969,
        1948.55716,
        4634.47607,
        7693.33632,
        14568.86286,
        34650.79074
      ],
      [
        224.93653,
        707.10678,
        1681.79283,
        2561.13541,
        4000.0,
        9513.65692,
        15792.88816,
        29906.97562,
        71131.1764
      ]
    ],
    "note": "kW/m\u00b3. Extended grid: 10-1000kHz, 0.005-0.40T. Log-log bilinear interpolation."
  },
  "fsw_range_kHz": {
    "min": 10,
    "max": 200,
    "note": "Optimal switching frequency range 10-200 kHz"
  }
}