{
  "supplier": "Ferroxcube",
  "grade": "3C94",
  "type": "ferrite",
  "data_source": "Ferroxcube 3C94 datasheet, Soft Ferrites and Accessories 2013",
  "data_quality": "steinmetz_fitted_to_datasheet",
  "basic": {
    "mu_initial": 2300,
    "mu_initial_tolerance_pct": 25,
    "curie_temp_C": 220,
    "resistivity_ohm_m": 5.0
  },
  "Bsat_vs_T": {
    "description": "Bsat (T) at H=1200A/m vs temperature.",
    "T_C": [
      25,
      60,
      80,
      100,
      120
    ],
    "Bsat": [
      0.5,
      0.47,
      0.445,
      0.42,
      0.385
    ]
  },
  "mu_r_vs_T": {
    "description": "Initial \u00b5r vs temperature.",
    "T_C": [
      25,
      60,
      80,
      100,
      120
    ],
    "mu_r": [
      2300,
      2400,
      2500,
      2300,
      2000
    ]
  },
  "steinmetz_25C": {
    "Pv_ref_kW_m3": 75.0,
    "f_ref_kHz": 100,
    "B_ref_T": 0.1,
    "alpha": 1.25,
    "beta": 2.5,
    "note": "3C94 at 25\u00b0C"
  },
  "steinmetz_100C": {
    "Pv_ref_kW_m3": 90.0,
    "f_ref_kHz": 100,
    "B_ref_T": 0.1,
    "alpha": 1.25,
    "beta": 2.5,
    "note": "3C94 at 100\u00b0C. Good at 70kHz. Wide stock. Solid Medical fallback when 3C95/3C97 not available."
  },
  "core_loss_surface_25C": {
    "T_C": 25,
    "f_kHz": [
      10,
      25,
      50,
      70,
      100,
      200,
      300,
      500,
      1000
    ],
    "B_pk_T": [
      0.005,
      0.01,
      0.02,
      0.05,
      0.08,
      0.1,
      0.15,
      0.2,
      0.25,
      0.3,
      0.4
    ],
    "Pv_kW_m3": [
      [
        0.00236,
        0.00741,
        0.01763,
        0.02684,
        0.04193,
        0.09972,
        0.16553,
        0.31347,
        0.74557
      ],
      [
        0.01334,
        0.04193,
        0.09972,
        0.15186,
        0.23717,
        0.56409,
        0.9364,
        1.77327,
        4.21756
      ],
      [
        0.07545,
        0.23717,
        0.56409,
        0.85903,
        1.34164,
        3.19098,
        5.2971,
        10.0311,
        23.85812
      ],
      [
        0.74557,
        2.34375,
        5.57441,
        8.48904,
        13.25825,
        31.53362,
        52.34652,
        99.12856,
        235.76877
      ],
      [
        2.41427,
        7.58947,
        18.05089,
        27.48899,
        42.93251,
        102.11128,
        169.50706,
        320.99535,
        763.4599
      ],
      [
        4.21756,
        13.25825,
        31.53362,
        48.02129,
        75.0,
        178.38107,
        296.11665,
        560.75579,
        1333.70956
      ],
      [
        11.62223,
        36.53545,
        86.89643,
        132.33111,
        206.6757,
        491.56042,
        816.00154,
        1545.26126,
        3675.27137
      ],
      [
        23.85812,
        75.0,
        178.38107,
        271.64943,
        424.26407,
        1009.0757,
        1675.08875,
        3172.11379,
        7544.60058
      ],
      [
        41.67842,
        131.01961,
        311.6189,
        474.55203,
        741.15883,
        1762.7827,
        2926.25961,
        5541.45474,
        13179.87481
      ],
      [
        65.74525,
        206.6757,
        491.56042,
        748.57781,
        1169.1343,
        2780.68564,
        4616.00179,
        8741.31772,
        20790.47445
      ],
      [
        134.96192,
        424.26407,
        1009.0757,
        1536.68125,
        2400.0,
        5708.19415,
        9475.73289,
        17944.18537,
        42678.70584
      ]
    ],
    "note": "kW/m\u00b3. Extended grid: 10-1000kHz, 0.005-0.40T. Log-log bilinear interpolation."
  },
  "core_loss_surface_100C": {
    "T_C": 0,
    "f_kHz": [
      10,
      25,
      50,
      70,
      100,
      200,
      300,
      500,
      1000
    ],
    "B_pk_T": [
      0.005,
      0.01,
      0.02,
      0.05,
      0.08,
      0.1,
      0.15,
      0.2,
      0.25,
      0.3,
      0.4
    ],
    "Pv_kW_m3": [
      [
        0.00283,
        0.00889,
        0.02115,
        0.03221,
        0.05031,
        0.11966,
        0.19864,
        0.37617,
        0.89468
      ],
      [
        0.016,
        0.05031,
        0.11966,
        0.18223,
        0.2846,
        0.67691,
        1.12368,
        2.12792,
        5.06107
      ],
      [
        0.09054,
        0.2846,
        0.67691,
        1.03084,
        1.60997,
        3.82917,
        6.35651,
        12.03733,
        28.62975
      ],
      [
        0.89468,
        2.8125,
        6.68929,
        10.18685,
        15.9099,
        37.84034,
        62.81583,
        118.95427,
        282.92252
      ],
      [
        2.89713,
        9.10736,
        21.66107,
        32.98679,
        51.51901,
        122.53354,
        203.40848,
        385.19442,
        916.15188
      ],
      [
        5.06107,
        15.9099,
        37.84034,
        57.62555,
        90.0,
        214.05728,
        355.33998,
        672.90695,
        1600.45147
      ],
      [
        13.94667,
        43.84254,
        104.27571,
        158.79733,
        248.01084,
        589.8725,
        979.20185,
        1854.31351,
        4410.32564
      ],
      [
        28.62975,
        90.0,
        214.05728,
        325.97932,
        509.11688,
        1210.89084,
        2010.1065,
        3806.53655,
        9053.52069
      ],
      [
        50.01411,
        157.22353,
        373.94268,
        569.46244,
        889.39059,
        2115.33924,
        3511.51154,
        6649.74569,
        15815.84977
      ],
      [
        78.8943,
        248.01084,
        589.8725,
        898.29337,
        1402.96115,
        3336.82277,
        5539.20215,
        10489.58126,
        24948.56933
      ],
      [
        161.9543,
        509.11688,
        1210.89084,
        1844.0175,
        2880.0,
        6849.83298,
        11370.87947,
        21533.02245,
        51214.44701
      ]
    ],
    "note": "kW/m\u00b3. Extended grid: 10-1000kHz, 0.005-0.40T. Log-log bilinear interpolation."
  },
  "topology_applicability": {
    "boost_pfc": "good",
    "flyback": "good",
    "forward": "good",
    "llc": "ok"
  },
  "fsw_range_kHz": {
    "min": 10,
    "max": 500,
    "note": "Optimal switching frequency range 10-500 kHz"
  }
}