{
  "supplier": "Ferroxcube",
  "grade": "3C95",
  "type": "ferrite",
  "data_source": "Ferroxcube 3C95 datasheet rev.2019; Soft Ferrites and Accessories 2013 p.57",
  "data_quality": "steinmetz_fitted_to_datasheet",
  "basic": {
    "mu_initial": 3000,
    "mu_initial_tolerance_pct": 25,
    "curie_temp_C": 220,
    "resistivity_ohm_m": 5.0
  },
  "Bsat_vs_T": {
    "description": "Bsat (T) at H=1200 A/m vs temp. Source: 3C95 datasheet Fig.3.",
    "T_C": [
      25,
      60,
      80,
      100,
      120
    ],
    "Bsat": [
      0.51,
      0.475,
      0.455,
      0.43,
      0.395
    ]
  },
  "mu_r_vs_T": {
    "description": "Initial \u00b5r vs temperature. Source: 3C95 datasheet Fig.4.",
    "T_C": [
      25,
      60,
      80,
      100,
      120
    ],
    "mu_r": [
      3000,
      3200,
      3300,
      3000,
      2500
    ]
  },
  "steinmetz_25C": {
    "Pv_ref_kW_m3": 60.0,
    "f_ref_kHz": 100,
    "B_ref_T": 0.1,
    "alpha": 1.25,
    "beta": 2.5,
    "note": "Ferroxcube 3C95 datasheet Fig.5a at 25\u00b0C"
  },
  "steinmetz_100C": {
    "Pv_ref_kW_m3": 80.0,
    "f_ref_kHz": 100,
    "B_ref_T": 0.1,
    "alpha": 1.25,
    "beta": 2.5,
    "note": "Ferroxcube 3C95 datasheet Fig.5a at 100\u00b0C. Temp factor \u22481.33."
  },
  "core_loss_surface_25C": {
    "T_C": 25,
    "f_kHz": [
      10,
      25,
      50,
      70,
      100,
      200,
      300,
      500,
      1000
    ],
    "B_pk_T": [
      0.005,
      0.01,
      0.02,
      0.05,
      0.08,
      0.1,
      0.15,
      0.2,
      0.25,
      0.3,
      0.4
    ],
    "Pv_kW_m3": [
      [
        0.00189,
        0.00593,
        0.0141,
        0.02148,
        0.03354,
        0.07977,
        0.13243,
        0.25078,
        0.59645
      ],
      [
        0.01067,
        0.03354,
        0.07977,
        0.12149,
        0.18974,
        0.45127,
        0.74912,
        1.41861,
        3.37405
      ],
      [
        0.06036,
        0.18974,
        0.45127,
        0.68722,
        1.07331,
        2.55278,
        4.23768,
        8.02488,
        19.0865
      ],
      [
        0.59645,
        1.875,
        4.45953,
        6.79124,
        10.6066,
        25.22689,
        41.87722,
        79.30284,
        188.61501
      ],
      [
        1.93142,
        6.07157,
        14.44072,
        21.99119,
        34.346,
        81.68902,
        135.60565,
        256.79628,
        610.76792
      ],
      [
        3.37405,
        10.6066,
        25.22689,
        38.41703,
        60.0,
        142.70485,
        236.89332,
        448.60463,
        1066.96765
      ],
      [
        9.29778,
        29.22836,
        69.51714,
        105.86489,
        165.34056,
        393.24834,
        652.80123,
        1236.20901,
        2940.21709
      ],
      [
        19.0865,
        60.0,
        142.70485,
        217.31955,
        339.41125,
        807.26056,
        1340.071,
        2537.69103,
        6035.68046
      ],
      [
        33.34274,
        104.81569,
        249.29512,
        379.64162,
        592.92706,
        1410.22616,
        2341.00769,
        4433.16379,
        10543.89985
      ],
      [
        52.5962,
        165.34056,
        393.24834,
        598.86225,
        935.30744,
        2224.54852,
        3692.80143,
        6993.05417,
        16632.37956
      ],
      [
        107.96953,
        339.41125,
        807.26056,
        1229.345,
        1920.0,
        4566.55532,
        7580.58631,
        14355.3483,
        34142.96467
      ]
    ],
    "note": "kW/m\u00b3. Extended grid: 10-1000kHz, 0.005-0.40T. Log-log bilinear interpolation."
  },
  "core_loss_surface_100C": {
    "T_C": 0,
    "f_kHz": [
      10,
      25,
      50,
      70,
      100,
      200,
      300,
      500,
      1000
    ],
    "B_pk_T": [
      0.005,
      0.01,
      0.02,
      0.05,
      0.08,
      0.1,
      0.15,
      0.2,
      0.25,
      0.3,
      0.4
    ],
    "Pv_kW_m3": [
      [
        0.00251,
        0.00791,
        0.0188,
        0.02863,
        0.04472,
        0.10637,
        0.17657,
        0.33437,
        0.79527
      ],
      [
        0.01423,
        0.04472,
        0.10637,
        0.16198,
        0.25298,
        0.6017,
        0.99883,
        1.89148,
        4.49873
      ],
      [
        0.08048,
        0.25298,
        0.6017,
        0.9163,
        1.43108,
        3.40371,
        5.65024,
        10.69984,
        25.44866
      ],
      [
        0.79527,
        2.5,
        5.94604,
        9.05498,
        14.14214,
        33.63586,
        55.83629,
        105.73713,
        251.48669
      ],
      [
        2.57522,
        8.09543,
        19.25429,
        29.32159,
        45.79467,
        108.9187,
        180.80753,
        342.39504,
        814.35723
      ],
      [
        4.49873,
        14.14214,
        33.63586,
        51.22271,
        80.0,
        190.27314,
        315.85776,
        598.13951,
        1422.62353
      ],
      [
        12.39704,
        38.97114,
        92.68952,
        141.15319,
        220.45408,
        524.33111,
        870.40164,
        1648.27868,
        3920.28946
      ],
      [
        25.44866,
        80.0,
        190.27314,
        289.75939,
        452.54834,
        1076.34741,
        1786.76133,
        3383.58804,
        8047.57395
      ],
      [
        44.45699,
        139.75425,
        332.39349,
        506.18883,
        790.56942,
        1880.30155,
        3121.34359,
        5910.88506,
        14058.53313
      ],
      [
        70.12827,
        220.45408,
        524.33111,
        798.483,
        1247.07658,
        2966.06469,
        4923.73524,
        9324.07223,
        22176.50608
      ],
      [
        143.95938,
        452.54834,
        1076.34741,
        1639.12666,
        2560.0,
        6088.74043,
        10107.44842,
        19140.4644,
        45523.9529
      ]
    ],
    "note": "kW/m\u00b3. Extended grid: 10-1000kHz, 0.005-0.40T. Log-log bilinear interpolation."
  },
  "topology_applicability": {
    "boost_pfc": "best",
    "flyback": "best",
    "forward": "best",
    "llc": "good",
    "note": "\u2605 Highest Bsat \u2014 smallest core"
  },
  "fsw_range_kHz": {
    "min": 10,
    "max": 500,
    "note": "Optimal switching frequency range 10-500 kHz"
  }
}