{
  "supplier": "Ferroxcube",
  "grade": "3C97",
  "type": "ferrite",
  "data_source": "Ferroxcube 3C97 datasheet rev.2019. Lowest loss grade at 50-300kHz.",
  "data_quality": "steinmetz_fitted_to_datasheet",
  "basic": {
    "mu_initial": 2800,
    "mu_initial_tolerance_pct": 25,
    "curie_temp_C": 220,
    "resistivity_ohm_m": 5.0
  },
  "Bsat_vs_T": {
    "description": "3C97 Bsat. Slightly lower than 3C95. More thermally stable.",
    "T_C": [
      25,
      60,
      80,
      100,
      120
    ],
    "Bsat": [
      0.5,
      0.47,
      0.45,
      0.42,
      0.385
    ]
  },
  "mu_r_vs_T": {
    "description": "3C97 \u00b5r vs T. Notably more stable than 3C95 in 60-100\u00b0C range.",
    "T_C": [
      25,
      60,
      80,
      100,
      120
    ],
    "mu_r": [
      2800,
      2900,
      3000,
      2900,
      2600
    ]
  },
  "steinmetz_25C": {
    "Pv_ref_kW_m3": 48.0,
    "f_ref_kHz": 100,
    "B_ref_T": 0.1,
    "alpha": 1.25,
    "beta": 2.5,
    "note": "Ferroxcube 3C97 datasheet. ~20% lower Pv than 3C95 at 70-100kHz."
  },
  "steinmetz_100C": {
    "Pv_ref_kW_m3": 65.0,
    "f_ref_kHz": 100,
    "B_ref_T": 0.1,
    "alpha": 1.25,
    "beta": 2.5,
    "note": "3C97 temp factor \u22481.35 (vs 1.33 for 3C95 \u2014 more temp-stable, better for Medical)."
  },
  "core_loss_surface_25C": {
    "T_C": 25,
    "f_kHz": [
      10,
      25,
      50,
      70,
      100,
      200,
      300,
      500,
      1000
    ],
    "B_pk_T": [
      0.005,
      0.01,
      0.02,
      0.05,
      0.08,
      0.1,
      0.15,
      0.2,
      0.25,
      0.3,
      0.4
    ],
    "Pv_kW_m3": [
      [
        0.00151,
        0.00474,
        0.01128,
        0.01718,
        0.02683,
        0.06382,
        0.10594,
        0.20062,
        0.47716
      ],
      [
        0.00854,
        0.02683,
        0.06382,
        0.09719,
        0.15179,
        0.36102,
        0.5993,
        1.13489,
        2.69924
      ],
      [
        0.04829,
        0.15179,
        0.36102,
        0.54978,
        0.85865,
        2.04223,
        3.39014,
        6.41991,
        15.2692
      ],
      [
        0.47716,
        1.5,
        3.56762,
        5.43299,
        8.48528,
        20.18151,
        33.50177,
        63.44228,
        150.89201
      ],
      [
        1.54513,
        4.85726,
        11.55257,
        17.59295,
        27.4768,
        65.35122,
        108.48452,
        205.43702,
        488.61434
      ],
      [
        2.69924,
        8.48528,
        20.18151,
        30.73362,
        48.0,
        114.16388,
        189.51466,
        358.88371,
        853.57412
      ],
      [
        7.43823,
        23.38269,
        55.61371,
        84.69191,
        132.27245,
        314.59867,
        522.24099,
        988.96721,
        2352.17367
      ],
      [
        15.2692,
        48.0,
        114.16388,
        173.85564,
        271.529,
        645.80845,
        1072.0568,
        2030.15283,
        4828.54437
      ],
      [
        26.67419,
        83.85255,
        199.4361,
        303.7133,
        474.34165,
        1128.18093,
        1872.80615,
        3546.53103,
        8435.11988
      ],
      [
        42.07696,
        132.27245,
        314.59867,
        479.0898,
        748.24595,
        1779.63881,
        2954.24115,
        5594.44334,
        13305.90365
      ],
      [
        86.37563,
        271.529,
        645.80845,
        983.476,
        1536.0,
        3653.24426,
        6064.46905,
        11484.27864,
        27314.37174
      ]
    ],
    "note": "kW/m\u00b3. Extended grid: 10-1000kHz, 0.005-0.40T. Log-log bilinear interpolation."
  },
  "core_loss_surface_100C": {
    "T_C": 0,
    "f_kHz": [
      10,
      25,
      50,
      70,
      100,
      200,
      300,
      500,
      1000
    ],
    "B_pk_T": [
      0.005,
      0.01,
      0.02,
      0.05,
      0.08,
      0.1,
      0.15,
      0.2,
      0.25,
      0.3,
      0.4
    ],
    "Pv_kW_m3": [
      [
        0.00204,
        0.00642,
        0.01528,
        0.02327,
        0.03634,
        0.08642,
        0.14346,
        0.27168,
        0.64616
      ],
      [
        0.01156,
        0.03634,
        0.08642,
        0.13161,
        0.20555,
        0.48888,
        0.81155,
        1.53683,
        3.65522
      ],
      [
        0.06539,
        0.20555,
        0.48888,
        0.74449,
        1.16276,
        2.76551,
        4.59082,
        8.69362,
        20.67704
      ],
      [
        0.64616,
        2.03125,
        4.83115,
        7.35717,
        11.49049,
        27.32913,
        45.36699,
        85.91142,
        204.33293
      ],
      [
        2.09237,
        6.57754,
        15.64411,
        23.82379,
        37.20817,
        88.49644,
        146.90612,
        278.19597,
        661.66525
      ],
      [
        3.65522,
        11.49049,
        27.32913,
        41.61845,
        65.0,
        154.59692,
        256.63443,
        485.98835,
        1155.88162
      ],
      [
        10.0726,
        31.66405,
        75.31024,
        114.68696,
        179.11894,
        426.01903,
        707.20134,
        1339.22642,
        3185.23518
      ],
      [
        20.67704,
        65.0,
        154.59692,
        235.42951,
        367.69553,
        874.53227,
        1451.74358,
        2749.16528,
        6538.65383
      ],
      [
        36.1213,
        113.55033,
        270.06971,
        411.27843,
        642.33765,
        1527.74501,
        2536.09167,
        4802.59411,
        11422.55817
      ],
      [
        56.97922,
        179.11894,
        426.01903,
        648.76744,
        1013.24972,
        2409.92756,
        4000.53488,
        7575.80869,
        18018.41119
      ],
      [
        116.967,
        367.69553,
        874.53227,
        1331.79042,
        2080.0,
        4947.1016,
        8212.30184,
        15551.62732,
        36988.21173
      ]
    ],
    "note": "kW/m\u00b3. Extended grid: 10-1000kHz, 0.005-0.40T. Log-log bilinear interpolation."
  },
  "topology_applicability": {
    "boost_pfc": "best",
    "flyback": "best",
    "forward": "best",
    "llc": "good",
    "note": "\u2605 Lowest loss at 70kHz"
  },
  "fsw_range_kHz": {
    "min": 25,
    "max": 500,
    "note": "Optimal switching frequency range 25-500 kHz"
  }
}