{
  "supplier": "Ferroxcube",
  "grade": "3C98",
  "type": "ferrite",
  "data_source": "Ferroxcube 3C98 datasheet, Soft Ferrites and Accessories 2013",
  "data_quality": "steinmetz_fitted_to_datasheet",
  "basic": {
    "mu_initial": 2700,
    "mu_initial_tolerance_pct": 25,
    "curie_temp_C": 220,
    "resistivity_ohm_m": 5.0
  },
  "Bsat_vs_T": {
    "description": "Bsat (T) at H=1200A/m vs temperature.",
    "T_C": [
      25,
      60,
      80,
      100,
      120
    ],
    "Bsat": [
      0.49,
      0.46,
      0.435,
      0.405,
      0.37
    ]
  },
  "mu_r_vs_T": {
    "description": "Initial \u00b5r vs temperature.",
    "T_C": [
      25,
      60,
      80,
      100,
      120
    ],
    "mu_r": [
      2700,
      2800,
      2900,
      2800,
      2500
    ]
  },
  "steinmetz_25C": {
    "Pv_ref_kW_m3": 32.0,
    "f_ref_kHz": 100,
    "B_ref_T": 0.1,
    "alpha": 1.2,
    "beta": 2.5,
    "note": "3C98 at 25\u00b0C"
  },
  "steinmetz_100C": {
    "Pv_ref_kW_m3": 40.0,
    "f_ref_kHz": 100,
    "B_ref_T": 0.1,
    "alpha": 1.2,
    "beta": 2.5,
    "note": "3C98 at 100\u00b0C. Optimised for 200kHz-1MHz. Overkill for 70kHz. Higher cost than 3C97."
  },
  "core_loss_surface_25C": {
    "T_C": 25,
    "f_kHz": [
      10,
      25,
      50,
      70,
      100,
      200,
      300,
      500,
      1000
    ],
    "B_pk_T": [
      0.005,
      0.01,
      0.02,
      0.05,
      0.08,
      0.1,
      0.15,
      0.2,
      0.25,
      0.3,
      0.4
    ],
    "Pv_kW_m3": [
      [
        0.00113,
        0.00339,
        0.00779,
        0.01166,
        0.01789,
        0.0411,
        0.06685,
        0.12341,
        0.28351
      ],
      [
        0.00638,
        0.01917,
        0.04405,
        0.06596,
        0.10119,
        0.23248,
        0.37818,
        0.69809,
        1.6038
      ],
      [
        0.03612,
        0.10846,
        0.24917,
        0.37311,
        0.57243,
        1.31511,
        2.13929,
        3.94902,
        9.07246
      ],
      [
        0.35692,
        1.07177,
        2.46229,
        3.68717,
        5.65685,
        12.99604,
        21.14076,
        39.02465,
        89.6551
      ],
      [
        1.15578,
        3.47059,
        7.97332,
        11.93968,
        18.31787,
        42.08341,
        68.45741,
        126.36854,
        290.31866
      ],
      [
        2.01906,
        6.06287,
        13.92881,
        20.85776,
        32.0,
        73.51669,
        119.59017,
        220.75675,
        507.16582
      ],
      [
        5.56388,
        16.70729,
        38.38328,
        57.47722,
        88.18163,
        202.58819,
        329.55176,
        608.33406,
        1397.58466
      ],
      [
        11.42155,
        34.29675,
        78.79324,
        117.9893,
        181.01934,
        415.87323,
        676.50416,
        1248.78874,
        2868.96313
      ],
      [
        19.95262,
        59.91396,
        137.64613,
        206.11882,
        316.22777,
        726.50063,
        1181.80414,
        2181.54414,
        5011.87234
      ],
      [
        31.47409,
        94.51073,
        217.12864,
        325.14027,
        498.83063,
        1146.01185,
        1864.22626,
        3441.2571,
        7905.93274
      ],
      [
        64.61003,
        194.01172,
        445.72189,
        667.44826,
        1024.0,
        2352.53423,
        3826.88545,
        7064.21587,
        16229.30629
      ]
    ],
    "note": "kW/m\u00b3. Extended grid: 10-1000kHz, 0.005-0.40T. Log-log bilinear interpolation."
  },
  "core_loss_surface_100C": {
    "T_C": 0,
    "f_kHz": [
      10,
      25,
      50,
      70,
      100,
      200,
      300,
      500,
      1000
    ],
    "B_pk_T": [
      0.005,
      0.01,
      0.02,
      0.05,
      0.08,
      0.1,
      0.15,
      0.2,
      0.25,
      0.3,
      0.4
    ],
    "Pv_kW_m3": [
      [
        0.00141,
        0.00424,
        0.00973,
        0.01457,
        0.02236,
        0.05137,
        0.08357,
        0.15426,
        0.35439
      ],
      [
        0.00798,
        0.02397,
        0.05506,
        0.08245,
        0.12649,
        0.2906,
        0.47272,
        0.87262,
        2.00475
      ],
      [
        0.04515,
        0.13557,
        0.31146,
        0.46639,
        0.71554,
        1.64388,
        2.67412,
        4.93627,
        11.34057
      ],
      [
        0.44615,
        1.33972,
        3.07786,
        4.60896,
        7.07107,
        16.24505,
        26.42594,
        48.78081,
        112.06887
      ],
      [
        1.44472,
        4.33823,
        9.96664,
        14.9246,
        22.89734,
        52.60426,
        85.57176,
        157.96067,
        362.89832
      ],
      [
        2.52383,
        7.57858,
        17.41101,
        26.0722,
        40.0,
        91.89587,
        149.48771,
        275.94593,
        633.95728
      ],
      [
        6.95486,
        20.88412,
        47.97911,
        71.84653,
        110.22704,
        253.23524,
        411.9397,
        760.41757,
        1746.98083
      ],
      [
        14.27693,
        42.87094,
        98.49155,
        147.48662,
        226.27417,
        519.84153,
        845.6302,
        1560.98592,
        3586.20392
      ],
      [
        24.94078,
        74.89245,
        172.05766,
        257.64853,
        395.28471,
        908.12579,
        1477.25517,
        2726.93018,
        6264.84042
      ],
      [
        39.34261,
        118.13841,
        271.41081,
        406.42534,
        623.53829,
        1432.51482,
        2330.28282,
        4301.57137,
        9882.41592
      ],
      [
        80.76254,
        242.51465,
        557.15236,
        834.31032,
        1280.0,
        2940.66779,
        4783.60681,
        8830.26983,
        20286.63286
      ]
    ],
    "note": "kW/m\u00b3. Extended grid: 10-1000kHz, 0.005-0.40T. Log-log bilinear interpolation."
  },
  "topology_applicability": {
    "boost_pfc": "ok",
    "flyback": "good",
    "forward": "good",
    "llc": "best",
    "note": "Best at 200kHz+"
  },
  "fsw_range_kHz": {
    "min": 50,
    "max": 1000,
    "note": "Optimal switching frequency range 50-1000 kHz"
  }
}