{
  "material_key": "edge_125",
  "material_line": "EDGE",
  "mu_initial": 125,
  "supplier": "Magnetics Inc",
  "type": "powder",
  "description": "EDGE powder core, permeability 125",
  "basic": {
    "Bsat_T": 1.5,
    "temp_coeff_ppm_per_C": 0,
    "AL_tolerance_pct": 8,
    "data_source": "Magnetics Inc 2025 catalog + published DC bias curves. Sigmoid model calibrated: edge_60 k(137Oe)=0.435 (Step 13 reference)."
  },
  "Bsat_25C_T": 1.5,
  "Bsat_100C_T": 1.427,
  "Bsat_150C_T": 1.378,
  "Bsat_Tcoeff": -0.00065,
  "dc_bias_rolloff": {
    "H_Oe": [
      0,
      5,
      10,
      15,
      20,
      30,
      40,
      50,
      60,
      70,
      80,
      90,
      100,
      110,
      120,
      130,
      140,
      150,
      160,
      180,
      200,
      225,
      250,
      300,
      400,
      500
    ],
    "mu_pct": [
      100.0,
      99.48,
      97.96,
      95.53,
      92.31,
      84.22,
      75.02,
      65.78,
      57.17,
      49.51,
      42.88,
      37.23,
      32.45,
      28.42,
      25.02,
      22.14,
      19.69,
      17.6,
      15.8,
      12.91,
      10.72,
      8.67,
      7.14,
      5.07,
      2.92,
      1.89
    ]
  },
  "dc_bias_H50_Oe": 69.3,
  "dc_bias_n": 2.0,
  "core_loss_surface_25C": {
    "T_C": 25,
    "f_kHz": [
      10,
      25,
      50,
      70,
      100,
      200,
      300,
      500,
      1000
    ],
    "B_pk_T": [
      0.005,
      0.01,
      0.02,
      0.05,
      0.1,
      0.15,
      0.2,
      0.3,
      0.5
    ],
    "Pv_kW_m3": [
      [
        0.04117,
        0.11691,
        0.25748,
        0.37772,
        0.56703,
        1.24877,
        1.98175,
        3.54598,
        7.80924
      ],
      [
        0.19762,
        0.56117,
        1.23585,
        1.81304,
        2.7217,
        5.99395,
        9.5122,
        17.02027,
        37.48346
      ],
      [
        0.94857,
        2.69355,
        5.93195,
        8.70236,
        13.06383,
        28.77026,
        45.65746,
        81.69537,
        179.91634
      ],
      [
        7.54412,
        21.42212,
        47.17758,
        69.21106,
        103.89839,
        228.81369,
        363.11981,
        649.73412,
        1430.89853
      ],
      [
        36.21093,
        102.82374,
        226.44699,
        332.20517,
        498.7004,
        1098.27951,
        1742.93353,
        3118.64938,
        6868.14913
      ],
      [
        90.64299,
        257.38777,
        566.84076,
        831.574,
        1248.34388,
        2749.20675,
        4362.90086,
        7806.5846,
        17192.31009
      ],
      [
        173.80833,
        493.54217,
        1086.91963,
        1594.54678,
        2393.70483,
        5271.61593,
        8365.88145,
        14969.16004,
        32966.32962
      ],
      [
        435.07599,
        1235.43183,
        2720.77076,
        3991.46002,
        5991.90772,
        13195.87768,
        20941.42473,
        37470.71248,
        82521.12043
      ],
      [
        1382.32078,
        3925.20647,
        8644.41625,
        12681.64244,
        19037.45266,
        41925.86209,
        66534.96695,
        119051.71919,
        262185.60066
      ]
    ],
    "note": "kW/m3. Computed from steinmetz_25C catalog coefficients."
  },
  "dc_bias_summary": {
    "H50_Oe": 69.3,
    "k_at_50Oe": 0.658,
    "k_at_100Oe": 0.325,
    "k_at_150Oe": 0.176,
    "k_at_200Oe": 0.107
  },
  "loss_100C_kWm3_100kHz_100mT": 498.7,
  "topology_applicability": {
    "boost_pfc": "best",
    "buck": "good",
    "flyback": "ok",
    "llc": "poor"
  },
  "data_quality": "published_anchor_points",
  "steinmetz_25C": {
    "Pv_ref_kW_m3": 498.7004,
    "alpha": 1.139,
    "beta": 2.263,
    "f_ref_kHz": 100,
    "B_ref_T": 0.1,
    "catalog_a": 481.77,
    "catalog_b": 2.263,
    "catalog_c": 1.139,
    "catalog_source": "Magnetics 2025 Powder Core Catalog, pp.108-109, Toroid coefficients",
    "catalog_note": "P = a*B^b*f^c (mW/cm3, Tesla, kHz). Pv_ref is derived at f_ref=100kHz, B_ref=0.1T."
  },
  "dc_bias_catalog": {
    "formula": "mu_pct = 1 / (a + b * H^c)  [H in Oersteds, result 0-100]",
    "use": "material_ranking_only_not_design_calc",
    "source": "Magnetics 2025 Catalog p.63 + material bulletins",
    "note": "Toroid \u2014 small-signal differential permeability. Use for ranking only.",
    "a": 0.01,
    "b": 1.229e-09,
    "c": 3.419
  },
  "alloy": "FeNi",
  "curie_temp_C": 500,
  "max_freq_60u_MHz": 20.0
}