{
  "material_key": "edge_19",
  "material_line": "EDGE",
  "mu_initial": 19,
  "supplier": "Magnetics Inc",
  "type": "powder",
  "description": "EDGE powder core, permeability 19",
  "basic": {
    "Bsat_T": 1.5,
    "temp_coeff_ppm_per_C": 0,
    "AL_tolerance_pct": 8,
    "data_source": "Magnetics Inc 2025 catalog + published DC bias curves. Sigmoid model calibrated: edge_60 k(137Oe)=0.435 (Step 13 reference)."
  },
  "Bsat_25C_T": 1.5,
  "Bsat_100C_T": 1.427,
  "Bsat_150C_T": 1.378,
  "Bsat_Tcoeff": -0.00065,
  "dc_bias_rolloff": {
    "H_Oe": [
      0,
      5,
      10,
      15,
      20,
      30,
      40,
      50,
      60,
      70,
      80,
      90,
      100,
      110,
      120,
      130,
      140,
      150,
      160,
      180,
      200,
      225,
      250,
      300,
      400,
      500
    ],
    "mu_pct": [
      100.0,
      99.97,
      99.88,
      99.72,
      99.51,
      98.9,
      98.06,
      97.01,
      95.75,
      94.3,
      92.68,
      90.92,
      89.02,
      87.01,
      84.92,
      82.75,
      80.53,
      78.28,
      76.0,
      71.45,
      66.96,
      61.56,
      56.47,
      47.39,
      33.63,
      24.49
    ]
  },
  "dc_bias_H50_Oe": 284.7,
  "dc_bias_n": 2.0,
  "core_loss_surface_25C": {
    "T_C": 25,
    "f_kHz": [
      10,
      25,
      50,
      70,
      100,
      200,
      300,
      500,
      1000
    ],
    "B_pk_T": [
      0.005,
      0.01,
      0.02,
      0.05,
      0.1,
      0.15,
      0.2,
      0.3,
      0.5
    ],
    "Pv_kW_m3": [
      [
        0.0291,
        0.10203,
        0.26354,
        0.41772,
        0.68069,
        1.75816,
        3.06286,
        6.16366,
        15.9202
      ],
      [
        0.13969,
        0.48973,
        1.26494,
        2.00502,
        3.26723,
        8.43897,
        14.70139,
        29.58485,
        76.41513
      ],
      [
        0.67052,
        2.35066,
        6.07156,
        9.62386,
        15.68232,
        40.50609,
        70.56498,
        142.00387,
        366.78389
      ],
      [
        5.33272,
        18.69512,
        48.28791,
        76.53987,
        124.72356,
        322.15031,
        561.2127,
        1129.37567,
        2917.08101
      ],
      [
        25.59643,
        89.73446,
        231.77645,
        367.3826,
        598.6588,
        1546.28462,
        2693.75671,
        5420.87392,
        14001.65495
      ],
      [
        64.07283,
        224.62276,
        580.18143,
        919.62995,
        1498.55915,
        3870.65046,
        6742.99578,
        13569.49939,
        35048.85947
      ],
      [
        122.85993,
        430.71513,
        1112.50043,
        1763.39444,
        2873.49371,
        7421.98915,
        12929.72383,
        26019.5743,
        67206.34097
      ],
      [
        307.54224,
        1078.16354,
        2784.80446,
        4414.11849,
        7192.91238,
        18578.67914,
        32365.60786,
        65132.04379,
        168230.51338
      ],
      [
        977.12132,
        3425.53463,
        8847.86376,
        14024.51035,
        22853.27737,
        59028.06607,
        102831.81194,
        206937.13237,
        534500.9613
      ]
    ],
    "note": "kW/m3. Computed from steinmetz_25C catalog coefficients."
  },
  "dc_bias_summary": {
    "H50_Oe": 284.7,
    "k_at_50Oe": 0.97,
    "k_at_100Oe": 0.89,
    "k_at_150Oe": 0.783,
    "k_at_200Oe": 0.67
  },
  "loss_100C_kWm3_100kHz_100mT": 598.7,
  "topology_applicability": {
    "boost_pfc": "best",
    "buck": "good",
    "flyback": "ok",
    "llc": "poor"
  },
  "data_quality": "published_anchor_points",
  "steinmetz_25C": {
    "Pv_ref_kW_m3": 598.6588,
    "alpha": 1.369,
    "beta": 2.263,
    "f_ref_kHz": 100,
    "B_ref_T": 0.1,
    "catalog_a": 200.53,
    "catalog_b": 2.263,
    "catalog_c": 1.369,
    "catalog_source": "Magnetics 2025 Powder Core Catalog, pp.108-109, Toroid coefficients",
    "catalog_note": "P = a*B^b*f^c (mW/cm3, Tesla, kHz). Pv_ref is derived at f_ref=100kHz, B_ref=0.1T."
  },
  "dc_bias_catalog": {
    "formula": "mu_pct = 1 / (a + b * H^c)  [H in Oersteds, result 0-100]",
    "use": "material_ranking_only_not_design_calc",
    "source": "Magnetics 2025 Catalog p.63 + material bulletins",
    "note": "Toroid \u2014 small-signal differential permeability. Use for ranking only.",
    "a": 0.01,
    "b": 6.393e-11,
    "c": 2.95
  },
  "alloy": "FeNi",
  "curie_temp_C": 500,
  "max_freq_60u_MHz": 20.0
}