{
  "material_key": "edge_26",
  "material_line": "EDGE",
  "mu_initial": 26,
  "supplier": "Magnetics Inc",
  "type": "powder",
  "description": "EDGE powder core, permeability 26",
  "basic": {
    "Bsat_T": 1.05,
    "temp_coeff_ppm_per_C": 0,
    "AL_tolerance_pct": 8,
    "data_source": "Magnetics Inc 2025 catalog + published DC bias curves. Sigmoid model calibrated: edge_60 k(137Oe)=0.435 (Step 13 reference)."
  },
  "Bsat_25C_T": 1.05,
  "Bsat_100C_T": 1.001,
  "Bsat_150C_T": 0.969,
  "Bsat_Tcoeff": -0.00065,
  "dc_bias_rolloff": {
    "H_Oe": [
      0,
      5,
      10,
      15,
      20,
      30,
      40,
      50,
      60,
      70,
      80,
      90,
      100,
      110,
      120,
      130,
      140,
      150,
      160,
      180,
      200,
      225,
      250,
      300,
      400,
      500
    ],
    "mu_pct": [
      100.0,
      99.95,
      99.8,
      99.56,
      99.22,
      98.25,
      96.94,
      95.3,
      93.36,
      91.18,
      88.78,
      86.21,
      83.51,
      80.72,
      77.86,
      74.98,
      72.1,
      69.24,
      66.43,
      60.99,
      55.87,
      50.01,
      44.76,
      36.01,
      24.04,
      16.85
    ]
  },
  "dc_bias_H50_Oe": 225.1,
  "dc_bias_n": 2.0,
  "core_loss_surface_25C": {
    "T_C": 25,
    "f_kHz": [
      10,
      25,
      50,
      70,
      100,
      200,
      300,
      500,
      1000
    ],
    "B_pk_T": [
      0.005,
      0.01,
      0.02,
      0.05,
      0.1,
      0.15,
      0.2,
      0.3,
      0.5
    ],
    "Pv_kW_m3": [
      [
        0.02708,
        0.09093,
        0.22733,
        0.35469,
        0.56836,
        1.42097,
        2.42872,
        4.77158,
        11.92954
      ],
      [
        0.12997,
        0.43645,
        1.09117,
        1.70245,
        2.72806,
        6.8205,
        11.65759,
        22.90302,
        57.26041
      ],
      [
        0.62386,
        2.09489,
        5.2375,
        8.17156,
        13.09439,
        32.73761,
        55.9551,
        109.93189,
        274.84342
      ],
      [
        4.96162,
        16.66097,
        41.6545,
        64.9895,
        104.14144,
        260.36658,
        445.01832,
        874.30293,
        2185.86626
      ],
      [
        23.81521,
        79.97075,
        199.93683,
        311.94216,
        499.867,
        1249.72979,
        2136.03697,
        4196.55397,
        10491.90783
      ],
      [
        59.6141,
        200.1823,
        500.4807,
        780.85176,
        1251.2641,
        3128.31617,
        5346.91505,
        10504.78895,
        26263.28133
      ],
      [
        114.3103,
        383.85044,
        959.67392,
        1497.28666,
        2399.30438,
        5998.55992,
        10252.73295,
        20142.97866,
        50359.95656
      ],
      [
        286.14085,
        960.85213,
        2402.25005,
        3747.99907,
        6005.92447,
        15015.55954,
        25664.5802,
        50421.78449,
        126060.74403
      ],
      [
        909.12497,
        3052.81353,
        7632.41422,
        11908.11981,
        19081.9866,
        47707.3442,
        81541.34771,
        160199.78621,
        400519.42725
      ]
    ],
    "note": "kW/m3. Computed from steinmetz_25C catalog coefficients."
  },
  "dc_bias_summary": {
    "H50_Oe": 225.1,
    "k_at_50Oe": 0.953,
    "k_at_100Oe": 0.835,
    "k_at_150Oe": 0.692,
    "k_at_200Oe": 0.559
  },
  "loss_100C_kWm3_100kHz_100mT": 499.9,
  "topology_applicability": {
    "boost_pfc": "best",
    "buck": "good",
    "flyback": "ok",
    "llc": "poor"
  },
  "data_quality": "published_anchor_points",
  "steinmetz_25C": {
    "Pv_ref_kW_m3": 499.867,
    "alpha": 1.322,
    "beta": 2.263,
    "f_ref_kHz": 100,
    "B_ref_T": 0.1,
    "catalog_a": 207.9,
    "catalog_b": 2.263,
    "catalog_c": 1.322,
    "catalog_source": "Magnetics 2025 Powder Core Catalog, pp.108-109, Toroid coefficients",
    "catalog_note": "P = a*B^b*f^c (mW/cm3, Tesla, kHz). Pv_ref is derived at f_ref=100kHz, B_ref=0.1T."
  },
  "dc_bias_catalog": {
    "formula": "mu_pct = 1 / (a + b * H^c)  [H in Oersteds, result 0-100]",
    "use": "material_ranking_only_not_design_calc",
    "source": "Magnetics 2025 Catalog p.63 + material bulletins",
    "note": "Toroid \u2014 small-signal differential permeability. Use for ranking only.",
    "a": 0.01,
    "b": 3.646e-11,
    "c": 3.192
  },
  "alloy": "FeNi",
  "curie_temp_C": 500,
  "max_freq_60u_MHz": 20.0
}