{
  "material_key": "edge_14",
  "material_line": "EDGE",
  "mu_initial": 14,
  "supplier": "Magnetics Inc",
  "type": "powder",
  "description": "EDGE powder core, permeability 14",
  "basic": {
    "Bsat_T": 1.5,
    "temp_coeff_ppm_per_C": 0,
    "AL_tolerance_pct": 8,
    "data_source": "Magnetics Inc 2025 catalog + published DC bias curves. Sigmoid model calibrated: edge_60 k(137Oe)=0.435 (Step 13 reference)."
  },
  "Bsat_25C_T": 1.5,
  "Bsat_100C_T": 1.427,
  "Bsat_150C_T": 1.378,
  "Bsat_Tcoeff": -0.00065,
  "dc_bias_rolloff": {
    "H_Oe": [
      0,
      5,
      10,
      15,
      20,
      30,
      40,
      50,
      60,
      70,
      80,
      90,
      100,
      110,
      120,
      130,
      140,
      150,
      160,
      180,
      200,
      225,
      250,
      300,
      400,
      500
    ],
    "mu_pct": [
      100.0,
      99.98,
      99.92,
      99.82,
      99.69,
      99.3,
      98.77,
      98.09,
      97.27,
      96.32,
      95.24,
      94.06,
      92.76,
      91.37,
      89.9,
      88.35,
      86.74,
      85.07,
      83.35,
      79.82,
      76.22,
      71.69,
      67.22,
      58.75,
      44.48,
      33.9
    ]
  },
  "dc_bias_H50_Oe": 358.0,
  "dc_bias_n": 2.0,
  "core_loss_surface_25C": {
    "T_C": 25,
    "f_kHz": [
      10,
      25,
      50,
      70,
      100,
      200,
      300,
      500,
      1000
    ],
    "B_pk_T": [
      0.005,
      0.01,
      0.02,
      0.05,
      0.1,
      0.15,
      0.2,
      0.3,
      0.5
    ],
    "Pv_kW_m3": [
      [
        0.03244,
        0.11593,
        0.30383,
        0.48501,
        0.79628,
        2.08689,
        3.66662,
        7.45822,
        19.54642
      ],
      [
        0.1557,
        0.55646,
        1.45837,
        2.32801,
        3.82206,
        10.01682,
        17.59935,
        35.79862,
        93.82056
      ],
      [
        0.74736,
        2.67095,
        6.99999,
        11.17417,
        18.34547,
        48.07957,
        84.47485,
        171.82929,
        450.32794
      ],
      [
        5.94384,
        21.24241,
        55.67182,
        88.86964,
        145.90398,
        382.38322,
        671.83973,
        1366.5812,
        3581.51799
      ],
      [
        28.52975,
        101.96113,
        267.21838,
        426.56409,
        700.3224,
        1835.39571,
        3224.75379,
        6559.43335,
        17190.87639
      ],
      [
        71.41551,
        255.22849,
        668.89946,
        1067.7727,
        1753.04287,
        4594.35163,
        8072.18452,
        16419.53459,
        43032.09964
      ],
      [
        136.93955,
        489.40174,
        1282.61763,
        2047.45881,
        3361.46735,
        8809.6893,
        15478.44905,
        31484.52922,
        82514.23883
      ],
      [
        342.78627,
        1225.06753,
        3210.64082,
        5125.18673,
        8414.40511,
        22052.3619,
        38745.56168,
        78811.88647,
        206549.15235
      ],
      [
        1089.09844,
        3892.27709,
        10200.82844,
        16283.71201,
        26734.1966,
        70064.62975,
        123102.16231,
        250400.64512,
        656246.70737
      ]
    ],
    "note": "kW/m3. Computed from steinmetz_25C catalog coefficients."
  },
  "dc_bias_summary": {
    "H50_Oe": 358.0,
    "k_at_50Oe": 0.981,
    "k_at_100Oe": 0.928,
    "k_at_150Oe": 0.851,
    "k_at_200Oe": 0.762
  },
  "loss_100C_kWm3_100kHz_100mT": 700.3,
  "topology_applicability": {
    "boost_pfc": "best",
    "buck": "good",
    "flyback": "ok",
    "llc": "poor"
  },
  "data_quality": "published_anchor_points",
  "steinmetz_25C": {
    "Pv_ref_kW_m3": 700.3224,
    "alpha": 1.39,
    "beta": 2.263,
    "f_ref_kHz": 100,
    "B_ref_T": 0.1,
    "catalog_a": 212.96,
    "catalog_b": 2.263,
    "catalog_c": 1.39,
    "catalog_source": "Magnetics 2025 Powder Core Catalog, pp.108-109, Toroid coefficients",
    "catalog_note": "P = a*B^b*f^c (mW/cm3, Tesla, kHz). Pv_ref is derived at f_ref=100kHz, B_ref=0.1T."
  },
  "dc_bias_catalog": {
    "formula": "mu_pct = 1 / (a + b * H^c)  [H in Oersteds, result 0-100]",
    "use": "material_ranking_only_not_design_calc",
    "source": "Magnetics 2025 Catalog p.63 + material bulletins",
    "note": "Toroid \u2014 small-signal differential permeability. Use for ranking only.",
    "a": 0.01,
    "b": 1.173e-11,
    "c": 3.106
  },
  "alloy": "FeNi",
  "curie_temp_C": 500,
  "max_freq_60u_MHz": 20.0
}