{
  "material_key": "edge_40",
  "material_line": "EDGE",
  "mu_initial": 40,
  "supplier": "Magnetics Inc",
  "type": "powder",
  "description": "EDGE powder core, permeability 40",
  "basic": {
    "Bsat_T": 1.5,
    "temp_coeff_ppm_per_C": 0,
    "AL_tolerance_pct": 8,
    "data_source": "Magnetics Inc 2025 catalog + published DC bias curves. Sigmoid model calibrated: edge_60 k(137Oe)=0.435 (Step 13 reference)."
  },
  "Bsat_25C_T": 1.5,
  "Bsat_100C_T": 1.427,
  "Bsat_150C_T": 1.378,
  "Bsat_Tcoeff": -0.00065,
  "dc_bias_rolloff": {
    "H_Oe": [
      0,
      5,
      10,
      15,
      20,
      30,
      40,
      50,
      60,
      70,
      80,
      90,
      100,
      110,
      120,
      130,
      140,
      150,
      160,
      180,
      200,
      225,
      250,
      300,
      400,
      500
    ],
    "mu_pct": [
      100.0,
      99.91,
      99.62,
      99.16,
      98.52,
      96.72,
      94.31,
      91.39,
      88.06,
      84.42,
      80.57,
      76.62,
      72.63,
      68.69,
      64.83,
      61.1,
      57.52,
      54.12,
      50.9,
      45.03,
      39.89,
      34.4,
      29.81,
      22.78,
      14.23,
      9.6
    ]
  },
  "dc_bias_H50_Oe": 162.9,
  "dc_bias_n": 2.0,
  "core_loss_surface_25C": {
    "T_C": 25,
    "f_kHz": [
      10,
      25,
      50,
      70,
      100,
      200,
      300,
      500,
      1000
    ],
    "B_pk_T": [
      0.005,
      0.01,
      0.02,
      0.05,
      0.1,
      0.15,
      0.2,
      0.3,
      0.5
    ],
    "Pv_kW_m3": [
      [
        0.02183,
        0.07652,
        0.19765,
        0.3133,
        0.51052,
        1.31864,
        2.29718,
        4.62282,
        11.94035
      ],
      [
        0.10477,
        0.36731,
        0.94872,
        1.50379,
        2.45046,
        6.32933,
        11.02622,
        22.189,
        57.31229
      ],
      [
        0.5029,
        1.76303,
        4.55374,
        7.21802,
        11.76193,
        30.38007,
        52.92461,
        106.50466,
        275.09245
      ],
      [
        3.9996,
        14.02157,
        36.21653,
        57.40585,
        93.54421,
        241.61672,
        420.91646,
        847.04571,
        2187.84682
      ],
      [
        19.19764,
        67.30195,
        173.8352,
        275.54149,
        449.0015,
        1159.73257,
        2020.35083,
        4065.72245,
        10501.41428
      ],
      [
        48.05541,
        168.46985,
        435.14325,
        689.73383,
        1123.93789,
        2903.03569,
        5057.33018,
        10177.29228,
        26287.07784
      ],
      [
        92.14646,
        323.04167,
        834.38907,
        1322.56763,
        2155.1558,
        5566.5836,
        9697.4527,
        19515.00235,
        50405.58646
      ],
      [
        230.66048,
        808.63598,
        2088.63777,
        3310.64343,
        5394.7732,
        13934.239,
        24274.60597,
        48849.83794,
        126174.96453
      ],
      [
        732.85307,
        2569.19332,
        6636.00719,
        10518.55612,
        17140.24051,
        44271.77919,
        77125.13006,
        155205.40722,
        400882.32792
      ]
    ],
    "note": "kW/m3. Computed from steinmetz_25C catalog coefficients."
  },
  "dc_bias_summary": {
    "H50_Oe": 162.9,
    "k_at_50Oe": 0.914,
    "k_at_100Oe": 0.726,
    "k_at_150Oe": 0.541,
    "k_at_200Oe": 0.399
  },
  "loss_100C_kWm3_100kHz_100mT": 449.0,
  "topology_applicability": {
    "boost_pfc": "best",
    "buck": "good",
    "flyback": "ok",
    "llc": "poor"
  },
  "data_quality": "published_anchor_points",
  "steinmetz_25C": {
    "Pv_ref_kW_m3": 449.0015,
    "alpha": 1.369,
    "beta": 2.263,
    "f_ref_kHz": 100,
    "B_ref_T": 0.1,
    "catalog_a": 150.4,
    "catalog_b": 2.263,
    "catalog_c": 1.369,
    "catalog_source": "Magnetics 2025 Powder Core Catalog, pp.108-109, Toroid coefficients",
    "catalog_note": "P = a*B^b*f^c (mW/cm3, Tesla, kHz). Pv_ref is derived at f_ref=100kHz, B_ref=0.1T."
  },
  "dc_bias_catalog": {
    "formula": "mu_pct = 1 / (a + b * H^c)  [H in Oersteds, result 0-100]",
    "use": "material_ranking_only_not_design_calc",
    "source": "Magnetics 2025 Catalog p.63 + material bulletins",
    "note": "Toroid \u2014 small-signal differential permeability. Use for ranking only.",
    "a": 0.01,
    "b": 2.592e-09,
    "c": 2.683
  },
  "alloy": "FeNi",
  "curie_temp_C": 500,
  "max_freq_60u_MHz": 20.0
}