{
  "material_key": "edge_75",
  "material_line": "EDGE",
  "mu_initial": 75,
  "supplier": "Magnetics Inc",
  "type": "powder",
  "description": "EDGE powder core, permeability 75",
  "basic": {
    "Bsat_T": 1.5,
    "temp_coeff_ppm_per_C": 0,
    "AL_tolerance_pct": 8,
    "data_source": "Magnetics Inc 2025 catalog + published DC bias curves. Sigmoid model calibrated: edge_60 k(137Oe)=0.435 (Step 13 reference)."
  },
  "Bsat_25C_T": 1.5,
  "Bsat_100C_T": 1.427,
  "Bsat_150C_T": 1.378,
  "Bsat_Tcoeff": -0.00065,
  "dc_bias_rolloff": {
    "H_Oe": [
      0,
      5,
      10,
      15,
      20,
      30,
      40,
      50,
      60,
      70,
      80,
      90,
      100,
      110,
      120,
      130,
      140,
      150,
      160,
      180,
      200,
      225,
      250,
      300,
      400,
      500
    ],
    "mu_pct": [
      100.0,
      99.76,
      99.04,
      97.87,
      96.27,
      91.99,
      86.6,
      80.53,
      74.17,
      67.84,
      61.76,
      56.07,
      50.83,
      46.07,
      41.79,
      37.95,
      34.53,
      31.48,
      28.77,
      24.19,
      20.54,
      16.96,
      14.19,
      10.3,
      6.07,
      3.97
    ]
  },
  "dc_bias_H50_Oe": 101.7,
  "dc_bias_n": 2.0,
  "core_loss_surface_25C": {
    "T_C": 25,
    "f_kHz": [
      10,
      25,
      50,
      70,
      100,
      200,
      300,
      500,
      1000
    ],
    "B_pk_T": [
      0.005,
      0.01,
      0.02,
      0.05,
      0.1,
      0.15,
      0.2,
      0.3,
      0.5
    ],
    "Pv_kW_m3": [
      [
        0.01907,
        0.06895,
        0.18234,
        0.29236,
        0.48221,
        1.27521,
        2.25237,
        4.61204,
        12.19658
      ],
      [
        0.09151,
        0.33096,
        0.87523,
        1.40327,
        2.31456,
        6.12088,
        10.81111,
        22.13726,
        58.54219
      ],
      [
        0.43924,
        1.58858,
        4.20102,
        6.73554,
        11.10964,
        29.37954,
        51.89207,
        106.25632,
        280.99583
      ],
      [
        3.49332,
        12.63421,
        33.41127,
        53.56864,
        88.35642,
        233.65937,
        412.70452,
        845.07066,
        2234.79715
      ],
      [
        16.76753,
        60.64274,
        160.37029,
        257.12336,
        424.1007,
        1121.53821,
        1980.93447,
        4056.24245,
        10726.77051
      ],
      [
        41.97237,
        151.80055,
        401.43795,
        643.62967,
        1061.60635,
        2807.42778,
        4958.6634,
        10153.56199,
        26851.1882
      ],
      [
        80.48221,
        291.07821,
        769.75902,
        1234.16271,
        2035.63481,
        5383.25501,
        9508.25871,
        19469.49942,
        51487.27054
      ],
      [
        201.46258,
        728.62526,
        1926.8562,
        3089.34876,
        5095.58897,
        13475.33196,
        23801.0167,
        48735.93527,
        128882.62968
      ],
      [
        640.08568,
        2314.98372,
        6121.99577,
        9815.46004,
        16189.6742,
        42813.74253,
        75620.44513,
        154843.51635,
        409485.10515
      ]
    ],
    "note": "kW/m3. Computed from steinmetz_25C catalog coefficients."
  },
  "dc_bias_summary": {
    "H50_Oe": 101.7,
    "k_at_50Oe": 0.805,
    "k_at_100Oe": 0.508,
    "k_at_150Oe": 0.315,
    "k_at_200Oe": 0.205
  },
  "loss_100C_kWm3_100kHz_100mT": 424.1,
  "topology_applicability": {
    "boost_pfc": "best",
    "buck": "good",
    "flyback": "ok",
    "llc": "poor"
  },
  "data_quality": "published_anchor_points",
  "steinmetz_25C": {
    "Pv_ref_kW_m3": 424.1007,
    "alpha": 1.403,
    "beta": 2.263,
    "f_ref_kHz": 100,
    "B_ref_T": 0.1,
    "catalog_a": 121.47,
    "catalog_b": 2.263,
    "catalog_c": 1.403,
    "catalog_source": "Magnetics 2025 Powder Core Catalog, pp.108-109, Toroid coefficients",
    "catalog_note": "P = a*B^b*f^c (mW/cm3, Tesla, kHz). Pv_ref is derived at f_ref=100kHz, B_ref=0.1T."
  },
  "dc_bias_catalog": {
    "formula": "mu_pct = 1 / (a + b * H^c)  [H in Oersteds, result 0-100]",
    "use": "material_ranking_only_not_design_calc",
    "source": "Magnetics 2025 Catalog p.63 + material bulletins",
    "note": "Toroid \u2014 small-signal differential permeability. Use for ranking only.",
    "a": 0.01,
    "b": 1.58e-09,
    "c": 3.067
  },
  "alloy": "FeNi",
  "curie_temp_C": 500,
  "max_freq_60u_MHz": 20.0
}