{
  "material_key": "edge_60",
  "material_line": "EDGE",
  "mu_initial": 60,
  "supplier": "Magnetics Inc",
  "type": "powder",
  "description": "EDGE powder core, permeability 60",
  "basic": {
    "Bsat_T": 1.5,
    "temp_coeff_ppm_per_C": 0,
    "AL_tolerance_pct": 8,
    "data_source": "Magnetics Inc 2025 catalog + published DC bias curves. Sigmoid model calibrated: edge_60 k(137Oe)=0.435 (Step 13 reference)."
  },
  "Bsat_25C_T": 1.5,
  "Bsat_100C_T": 1.427,
  "Bsat_150C_T": 1.378,
  "Bsat_Tcoeff": -0.00065,
  "dc_bias_rolloff": {
    "H_Oe": [
      0,
      5,
      10,
      15,
      20,
      30,
      40,
      50,
      60,
      70,
      80,
      90,
      100,
      110,
      120,
      130,
      140,
      150,
      160,
      180,
      200,
      225,
      250,
      300,
      400,
      500
    ],
    "mu_pct": [
      100.0,
      99.83,
      99.31,
      98.47,
      97.31,
      94.14,
      90.03,
      85.25,
      80.05,
      74.67,
      69.3,
      64.08,
      59.1,
      54.42,
      50.08,
      46.09,
      42.43,
      39.1,
      36.08,
      30.84,
      26.54,
      22.2,
      18.78,
      13.83,
      8.28,
      5.46
    ]
  },
  "dc_bias_H50_Oe": 120.2,
  "dc_bias_n": 2.0,
  "core_loss_surface_25C": {
    "T_C": 25,
    "f_kHz": [
      10,
      25,
      50,
      70,
      100,
      200,
      300,
      500,
      1000
    ],
    "B_pk_T": [
      0.005,
      0.01,
      0.02,
      0.05,
      0.1,
      0.15,
      0.2,
      0.3,
      0.5
    ],
    "Pv_kW_m3": [
      [
        0.0203,
        0.06809,
        0.17011,
        0.26532,
        0.42501,
        1.06183,
        1.81414,
        3.56233,
        8.90009
      ],
      [
        0.09741,
        0.32682,
        0.81652,
        1.2735,
        2.03998,
        5.09667,
        8.70768,
        17.09877,
        42.71943
      ],
      [
        0.46758,
        1.56868,
        3.91918,
        6.11267,
        9.79166,
        24.46341,
        41.79589,
        82.07213,
        205.04838
      ],
      [
        3.71873,
        12.47594,
        31.1698,
        48.61487,
        77.87438,
        194.56074,
        332.40823,
        652.73059,
        1630.77705
      ],
      [
        17.84948,
        59.88309,
        149.61146,
        233.3458,
        373.7881,
        933.86929,
        1595.52145,
        3133.03212,
        7827.54316
      ],
      [
        44.6807,
        149.899,
        374.50651,
        584.10981,
        935.66415,
        2337.65606,
        3993.89982,
        7842.58738,
        19593.85953
      ],
      [
        85.67544,
        287.43199,
        718.11786,
        1120.03311,
        1794.14009,
        4482.4657,
        7658.32034,
        15038.19551,
        37571.31115
      ],
      [
        214.46226,
        719.49805,
        1797.58836,
        2803.66023,
        4491.08082,
        11220.48152,
        19170.26198,
        37643.52166,
        94048.28282
      ],
      [
        681.38817,
        2285.98482,
        5711.28676,
        8907.77219,
        14269.03459,
        35649.64546,
        60907.63946,
        119600.76747,
        298809.6307
      ]
    ],
    "note": "kW/m3. Computed from steinmetz_25C catalog coefficients."
  },
  "dc_bias_summary": {
    "H50_Oe": 120.2,
    "k_at_50Oe": 0.852,
    "k_at_100Oe": 0.591,
    "k_at_150Oe": 0.391,
    "k_at_200Oe": 0.265
  },
  "loss_100C_kWm3_100kHz_100mT": 373.8,
  "topology_applicability": {
    "boost_pfc": "best",
    "buck": "good",
    "flyback": "ok",
    "llc": "poor"
  },
  "data_quality": "anchored_to_reference_step13",
  "steinmetz_25C": {
    "Pv_ref_kW_m3": 373.7881,
    "alpha": 1.321,
    "beta": 2.263,
    "f_ref_kHz": 100,
    "B_ref_T": 0.1,
    "catalog_a": 156.18,
    "catalog_b": 2.263,
    "catalog_c": 1.321,
    "catalog_source": "Magnetics 2025 Powder Core Catalog, pp.108-109, Toroid coefficients",
    "catalog_note": "P = a*B^b*f^c (mW/cm3, Tesla, kHz). Pv_ref is derived at f_ref=100kHz, B_ref=0.1T."
  },
  "validation_anchor": {
    "description": "Step 13 reference design (0059894A2 x3 stack)",
    "reference_doc": "2_Channel_Inteleaved_magnetics_calculations.pdf, Step 13.7.4",
    "f_kHz": 70,
    "B_pk_T": 0.0541,
    "Ve_cm3": 15.977,
    "expected_Pcore_W": 1.125,
    "note": "Catalog fit gives 0.928W (-17%); within tolerance. 17% deviation expected: catalog fit is for 1-500mT range; Step13 fit was done in 30-60mT PFC operating range.",
    "tolerance_pct": 25
  },
  "dc_bias_catalog": {
    "formula": "mu_pct = 1 / (a + b * H^c)  [H in Oersteds, result 0-100]",
    "use": "material_ranking_only_not_design_calc",
    "source": "Magnetics 2025 Catalog p.63 + material bulletins",
    "note": "Toroid \u2014 small-signal differential permeability. Use for ranking only.",
    "a": 0.01,
    "b": 9.202e-10,
    "c": 3.044
  },
  "alloy": "FeNi",
  "curie_temp_C": 500,
  "max_freq_60u_MHz": 20.0
}