{
  "material_key": "high_flux_26",
  "material_line": "High Flux",
  "mu_initial": 26,
  "supplier": "Magnetics Inc",
  "type": "powder",
  "description": "High Flux powder core, permeability 26",
  "basic": {
    "Bsat_T": 1.55,
    "temp_coeff_ppm_per_C": 15,
    "AL_tolerance_pct": 8,
    "data_source": "Magnetics Inc 2025 catalog + published DC bias curves. Sigmoid model calibrated: edge_60 k(137Oe)=0.435 (Step 13 reference)."
  },
  "Bsat_25C_T": 1.55,
  "Bsat_100C_T": 1.509,
  "Bsat_150C_T": 1.481,
  "Bsat_Tcoeff": -0.00055,
  "dc_bias_rolloff": {
    "H_Oe": [
      0,
      5,
      10,
      15,
      20,
      30,
      40,
      50,
      60,
      70,
      80,
      90,
      100,
      110,
      120,
      130,
      140,
      150,
      160,
      180,
      200,
      225,
      250,
      300,
      400,
      500
    ],
    "mu_pct": [
      100.0,
      99.96,
      99.87,
      99.73,
      99.55,
      99.08,
      98.46,
      97.71,
      96.85,
      95.89,
      94.83,
      93.68,
      92.46,
      91.18,
      89.83,
      88.44,
      87.0,
      85.53,
      84.03,
      80.98,
      77.89,
      74.02,
      70.21,
      62.93,
      50.29,
      40.37
    ]
  },
  "dc_bias_H50_Oe": 402.6,
  "dc_bias_n": 1.8,
  "core_loss_surface_25C": {
    "T_C": 25,
    "f_kHz": [
      10,
      25,
      50,
      70,
      100,
      200,
      300,
      500,
      1000
    ],
    "B_pk_T": [
      0.005,
      0.01,
      0.02,
      0.05,
      0.1,
      0.15,
      0.2,
      0.3,
      0.5
    ],
    "Pv_kW_m3": [
      [
        0.06738,
        0.20989,
        0.49577,
        0.75245,
        1.17099,
        2.76587,
        4.57282,
        8.61543,
        20.34952
      ],
      [
        0.3135,
        0.97653,
        2.30654,
        3.50074,
        5.44802,
        12.86814,
        21.27497,
        40.08311,
        94.67573
      ],
      [
        1.45856,
        4.54327,
        10.73114,
        16.28714,
        25.3468,
        59.86878,
        98.98139,
        186.48589,
        440.47694
      ],
      [
        11.13151,
        34.67366,
        81.89868,
        124.30131,
        193.44349,
        456.91068,
        755.41303,
        1423.23601,
        3361.66257
      ],
      [
        51.78913,
        161.31853,
        381.032,
        578.30936,
        899.992,
        2125.76789,
        3514.54416,
        6621.57732,
        15640.06843
      ],
      [
        127.29433,
        396.51048,
        936.55194,
        1421.44687,
        2212.12193,
        5224.99954,
        8638.52148,
        16275.40734,
        38442.27327
      ],
      [
        240.94792,
        750.53127,
        1772.74384,
        2690.57281,
        4187.19493,
        9890.09297,
        16351.34701,
        30806.75713,
        72765.10819
      ],
      [
        592.23435,
        1844.75715,
        4357.28932,
        6613.25337,
        10291.85341,
        24309.20671,
        40190.54985,
        75721.00987,
        178851.91394
      ],
      [
        1838.88309,
        5727.95674,
        13529.34975,
        20534.10074,
        31956.12554,
        75479.8995,
        124791.34757,
        235113.15211,
        555333.8145
      ]
    ],
    "note": "kW/m3. Computed from steinmetz_25C catalog coefficients."
  },
  "dc_bias_summary": {
    "H50_Oe": 402.6,
    "k_at_50Oe": 0.977,
    "k_at_100Oe": 0.925,
    "k_at_150Oe": 0.855,
    "k_at_200Oe": 0.779
  },
  "loss_100C_kWm3_100kHz_100mT": 900.0,
  "topology_applicability": {
    "boost_pfc": "good",
    "buck": "good",
    "flyback": "ok",
    "llc": "poor"
  },
  "data_quality": "steinmetz_fitted_to_datasheet",
  "steinmetz_25C": {
    "Pv_ref_kW_m3": 899.992,
    "alpha": 1.24,
    "beta": 2.218,
    "f_ref_kHz": 100,
    "B_ref_T": 0.1,
    "catalog_a": 492.31,
    "catalog_b": 2.218,
    "catalog_c": 1.24,
    "catalog_source": "Magnetics 2025 Powder Core Catalog, pp.108-109, Toroid coefficients",
    "catalog_note": "P = a*B^b*f^c (mW/cm3, Tesla, kHz). Pv_ref is derived at f_ref=100kHz, B_ref=0.1T."
  },
  "dc_bias_catalog": {
    "formula": "mu_pct = 1 / (a + b * H^c)  [H in Oersteds, result 0-100]",
    "use": "material_ranking_only_not_design_calc",
    "source": "Magnetics 2025 Catalog p.63 + material bulletins",
    "note": "Toroid \u2014 small-signal differential permeability. Use for ranking only.",
    "a": 0.01,
    "b": 4.205e-09,
    "c": 2.426
  },
  "alloy": "FeNi",
  "curie_temp_C": 500,
  "max_freq_60u_MHz": 3.0
}