{
  "material_key": "high_flux_125",
  "material_line": "High Flux",
  "mu_initial": 125,
  "supplier": "Magnetics Inc",
  "type": "powder",
  "description": "High Flux powder core, permeability 125",
  "basic": {
    "Bsat_T": 1.55,
    "temp_coeff_ppm_per_C": 15,
    "AL_tolerance_pct": 8,
    "data_source": "Magnetics Inc 2025 catalog + published DC bias curves. Sigmoid model calibrated: edge_60 k(137Oe)=0.435 (Step 13 reference)."
  },
  "Bsat_25C_T": 1.55,
  "Bsat_100C_T": 1.509,
  "Bsat_150C_T": 1.481,
  "Bsat_Tcoeff": -0.00055,
  "dc_bias_rolloff": {
    "H_Oe": [
      0,
      5,
      10,
      15,
      20,
      30,
      40,
      50,
      60,
      70,
      80,
      90,
      100,
      110,
      120,
      130,
      140,
      150,
      160,
      180,
      200,
      225,
      250,
      300,
      400,
      500
    ],
    "mu_pct": [
      100.0,
      99.69,
      98.94,
      97.82,
      96.39,
      92.79,
      88.46,
      83.68,
      78.69,
      73.67,
      68.75,
      64.03,
      59.56,
      55.36,
      51.47,
      47.87,
      44.56,
      41.51,
      38.72,
      33.83,
      29.72,
      25.49,
      22.06,
      16.93,
      10.83,
      7.52
    ]
  },
  "dc_bias_H50_Oe": 124.0,
  "dc_bias_n": 1.8,
  "core_loss_surface_25C": {
    "T_C": 25,
    "f_kHz": [
      10,
      25,
      50,
      70,
      100,
      200,
      300,
      500,
      1000
    ],
    "B_pk_T": [
      0.005,
      0.01,
      0.02,
      0.05,
      0.1,
      0.15,
      0.2,
      0.3,
      0.5
    ],
    "Pv_kW_m3": [
      [
        0.03892,
        0.14402,
        0.38753,
        0.62657,
        1.04273,
        2.8057,
        5.0061,
        10.38245,
        27.93641
      ],
      [
        0.18107,
        0.67006,
        1.80295,
        2.91511,
        4.85127,
        13.05347,
        23.29079,
        48.30413,
        129.9736
      ],
      [
        0.84244,
        3.11744,
        8.3882,
        13.5625,
        22.57042,
        60.73101,
        108.35996,
        224.73403,
        604.69958
      ],
      [
        6.4294,
        23.79189,
        64.01766,
        103.50721,
        172.25451,
        463.49114,
        826.98905,
        1715.14078,
        4614.98832
      ],
      [
        29.91267,
        110.6913,
        297.84088,
        481.56525,
        801.4107,
        2156.38335,
        3847.55014,
        7979.65845,
        21471.14163
      ],
      [
        73.52339,
        272.07202,
        732.07355,
        1183.65613,
        1969.81549,
        5300.25035,
        9457.02857,
        19613.48264,
        52774.67278
      ],
      [
        139.16809,
        514.98906,
        1385.69878,
        2240.47276,
        3728.54739,
        10032.53078,
        17900.65072,
        37125.20267,
        99894.06056
      ],
      [
        342.06613,
        1265.80968,
        3405.95767,
        5506.93665,
        9164.52752,
        24659.30961,
        43998.63784,
        91251.33897,
        245533.11837
      ],
      [
        1062.11271,
        3930.3293,
        10575.47231,
        17098.99587,
        28455.78732,
        76566.9663,
        136615.43143,
        283334.7043,
        762378.4404
      ]
    ],
    "note": "kW/m3. Computed from steinmetz_25C catalog coefficients."
  },
  "dc_bias_summary": {
    "H50_Oe": 124.0,
    "k_at_50Oe": 0.837,
    "k_at_100Oe": 0.596,
    "k_at_150Oe": 0.415,
    "k_at_200Oe": 0.297
  },
  "loss_100C_kWm3_100kHz_100mT": 801.4,
  "topology_applicability": {
    "boost_pfc": "good",
    "buck": "good",
    "flyback": "ok",
    "llc": "poor"
  },
  "data_quality": "steinmetz_fitted_to_datasheet",
  "steinmetz_25C": {
    "Pv_ref_kW_m3": 801.4107,
    "alpha": 1.428,
    "beta": 2.218,
    "f_ref_kHz": 100,
    "B_ref_T": 0.1,
    "catalog_a": 184.44,
    "catalog_b": 2.218,
    "catalog_c": 1.428,
    "catalog_source": "Magnetics 2025 Powder Core Catalog, pp.108-109, Toroid coefficients",
    "catalog_note": "P = a*B^b*f^c (mW/cm3, Tesla, kHz). Pv_ref is derived at f_ref=100kHz, B_ref=0.1T."
  },
  "dc_bias_catalog": {
    "formula": "mu_pct = 1 / (a + b * H^c)  [H in Oersteds, result 0-100]",
    "use": "material_ranking_only_not_design_calc",
    "source": "Magnetics 2025 Catalog p.63 + material bulletins",
    "note": "Toroid \u2014 small-signal differential permeability. Use for ranking only.",
    "a": 0.01,
    "b": 1.403e-07,
    "c": 2.465
  },
  "alloy": "FeNi",
  "curie_temp_C": 500,
  "max_freq_60u_MHz": 3.0
}