{
  "material_key": "high_flux_60",
  "material_line": "High Flux",
  "mu_initial": 60,
  "supplier": "Magnetics Inc",
  "type": "powder",
  "description": "High Flux powder core, permeability 60",
  "basic": {
    "Bsat_T": 1.55,
    "temp_coeff_ppm_per_C": 15,
    "AL_tolerance_pct": 8,
    "data_source": "Magnetics Inc 2025 catalog + published DC bias curves. Sigmoid model calibrated: edge_60 k(137Oe)=0.435 (Step 13 reference)."
  },
  "Bsat_25C_T": 1.55,
  "Bsat_100C_T": 1.509,
  "Bsat_150C_T": 1.481,
  "Bsat_Tcoeff": -0.00055,
  "dc_bias_rolloff": {
    "H_Oe": [
      0,
      5,
      10,
      15,
      20,
      30,
      40,
      50,
      60,
      70,
      80,
      90,
      100,
      110,
      120,
      130,
      140,
      150,
      160,
      180,
      200,
      225,
      250,
      300,
      400,
      500
    ],
    "mu_pct": [
      100.0,
      99.89,
      99.6,
      99.18,
      98.63,
      97.19,
      95.38,
      93.25,
      90.87,
      88.29,
      85.56,
      82.74,
      79.86,
      76.96,
      74.07,
      71.21,
      68.4,
      65.66,
      62.99,
      57.93,
      53.25,
      47.96,
      43.25,
      35.44,
      24.65,
      17.96
    ]
  },
  "dc_bias_H50_Oe": 215.0,
  "dc_bias_n": 1.8,
  "core_loss_surface_25C": {
    "T_C": 25,
    "f_kHz": [
      10,
      25,
      50,
      70,
      100,
      200,
      300,
      500,
      1000
    ],
    "B_pk_T": [
      0.005,
      0.01,
      0.02,
      0.05,
      0.1,
      0.15,
      0.2,
      0.3,
      0.5
    ],
    "Pv_kW_m3": [
      [
        0.03974,
        0.1321,
        0.32776,
        0.50948,
        0.81321,
        2.01768,
        3.43328,
        6.70737,
        16.6419
      ],
      [
        0.18488,
        0.61459,
        1.52488,
        2.37034,
        3.78344,
        9.38724,
        15.97325,
        31.20592,
        77.4261
      ],
      [
        0.86015,
        2.85938,
        7.0945,
        11.02797,
        17.6024,
        43.67393,
        74.31524,
        145.18495,
        360.22339
      ],
      [
        6.56452,
        21.82238,
        54.14427,
        84.164,
        134.33923,
        333.31371,
        567.16421,
        1108.03257,
        2749.17795
      ],
      [
        30.54129,
        101.52821,
        251.90516,
        391.57135,
        625.0106,
        1550.73542,
        2638.72024,
        5155.09958,
        12790.4959
      ],
      [
        75.06851,
        249.54975,
        619.16653,
        962.45698,
        1536.2355,
        3811.60703,
        6485.80311,
        12670.90023,
        31438.20891
      ],
      [
        142.09275,
        472.35799,
        1171.98375,
        1821.77796,
        2907.84942,
        7214.76579,
        12276.59357,
        23983.99854,
        59507.5285
      ],
      [
        349.25475,
        1161.02528,
        2880.66,
        4477.812,
        7147.30517,
        17733.42613,
        30175.07032,
        58951.11199,
        146265.6434
      ],
      [
        1084.43332,
        3604.97456,
        8944.42709,
        13903.57177,
        22192.32749,
        55062.15148,
        93693.3608,
        183042.74844,
        454153.6956
      ]
    ],
    "note": "kW/m3. Computed from steinmetz_25C catalog coefficients."
  },
  "dc_bias_summary": {
    "H50_Oe": 215.0,
    "k_at_50Oe": 0.932,
    "k_at_100Oe": 0.799,
    "k_at_150Oe": 0.657,
    "k_at_200Oe": 0.532
  },
  "loss_100C_kWm3_100kHz_100mT": 625.0,
  "topology_applicability": {
    "boost_pfc": "good",
    "buck": "good",
    "flyback": "ok",
    "llc": "poor"
  },
  "data_quality": "steinmetz_fitted_to_datasheet",
  "steinmetz_25C": {
    "Pv_ref_kW_m3": 625.0106,
    "alpha": 1.311,
    "beta": 2.218,
    "f_ref_kHz": 100,
    "B_ref_T": 0.1,
    "catalog_a": 246.54,
    "catalog_b": 2.218,
    "catalog_c": 1.311,
    "catalog_source": "Magnetics 2025 Powder Core Catalog, pp.108-109, Toroid coefficients",
    "catalog_note": "P = a*B^b*f^c (mW/cm3, Tesla, kHz). Pv_ref is derived at f_ref=100kHz, B_ref=0.1T."
  },
  "dc_bias_catalog": {
    "formula": "mu_pct = 1 / (a + b * H^c)  [H in Oersteds, result 0-100]",
    "use": "material_ranking_only_not_design_calc",
    "source": "Magnetics 2025 Catalog p.63 + material bulletins",
    "note": "Toroid \u2014 small-signal differential permeability. Use for ranking only.",
    "a": 0.01,
    "b": 6.413e-08,
    "c": 2.291
  },
  "alloy": "FeNi",
  "curie_temp_C": 500,
  "max_freq_60u_MHz": 3.0
}