{
  "material_key": "high_flux_90",
  "material_line": "High Flux",
  "mu_initial": 90,
  "supplier": "Magnetics Inc",
  "type": "powder",
  "description": "High Flux powder core, permeability 90",
  "basic": {
    "Bsat_T": 1.55,
    "temp_coeff_ppm_per_C": 15,
    "AL_tolerance_pct": 8,
    "data_source": "Magnetics Inc 2025 catalog + published DC bias curves. Sigmoid model calibrated: edge_60 k(137Oe)=0.435 (Step 13 reference)."
  },
  "Bsat_25C_T": 1.55,
  "Bsat_100C_T": 1.509,
  "Bsat_150C_T": 1.481,
  "Bsat_Tcoeff": -0.00055,
  "dc_bias_rolloff": {
    "H_Oe": [
      0,
      5,
      10,
      15,
      20,
      30,
      40,
      50,
      60,
      70,
      80,
      90,
      100,
      110,
      120,
      130,
      140,
      150,
      160,
      180,
      200,
      225,
      250,
      300,
      400,
      500
    ],
    "mu_pct": [
      100.0,
      99.8,
      99.31,
      98.59,
      97.65,
      95.25,
      92.27,
      88.88,
      85.19,
      81.34,
      77.42,
      73.5,
      69.65,
      65.9,
      62.3,
      58.86,
      55.6,
      52.51,
      49.61,
      44.34,
      39.72,
      34.77,
      30.6,
      24.1,
      15.91,
      11.24
    ]
  },
  "dc_bias_H50_Oe": 158.6,
  "dc_bias_n": 1.8,
  "core_loss_surface_25C": {
    "T_C": 25,
    "f_kHz": [
      10,
      25,
      50,
      70,
      100,
      200,
      300,
      500,
      1000
    ],
    "B_pk_T": [
      0.005,
      0.01,
      0.02,
      0.05,
      0.1,
      0.15,
      0.2,
      0.3,
      0.5
    ],
    "Pv_kW_m3": [
      [
        0.05621,
        0.17035,
        0.39409,
        0.59213,
        0.91169,
        2.10908,
        3.4448,
        6.39147,
        14.78588
      ],
      [
        0.26154,
        0.79257,
        1.83352,
        2.75486,
        4.24162,
        9.81246,
        16.02686,
        29.73619,
        68.791
      ],
      [
        1.21679,
        3.68743,
        8.53041,
        12.81695,
        19.73405,
        45.65228,
        74.56463,
        138.34704,
        320.04876
      ],
      [
        9.28639,
        28.14197,
        65.10297,
        97.81731,
        150.60767,
        348.41223,
        569.06753,
        1055.84653,
        2442.57041
      ],
      [
        43.20476,
        130.92996,
        302.89027,
        455.0931,
        700.6992,
        1620.98097,
        2647.57542,
        4912.30503,
        11364.01038
      ],
      [
        106.1945,
        321.81734,
        744.48464,
        1118.5893,
        1722.27316,
        3984.26603,
        6507.56856,
        12074.127,
        27932.00006
      ],
      [
        201.0093,
        609.14904,
        1409.19099,
        2117.31162,
        3259.98913,
        7541.58181,
        12317.79211,
        22854.40174,
        52870.83289
      ],
      [
        494.06782,
        1497.2488,
        3463.7,
        5204.21456,
        8012.84173,
        18536.7187,
        30276.33367,
        56174.63638,
        129953.07626
      ],
      [
        1534.07676,
        4648.946,
        10754.76181,
        16159.04609,
        24879.81182,
        57556.36871,
        94007.78272,
        174421.81305,
        403503.30035
      ]
    ],
    "note": "kW/m3. Computed from steinmetz_25C catalog coefficients."
  },
  "dc_bias_summary": {
    "H50_Oe": 158.6,
    "k_at_50Oe": 0.889,
    "k_at_100Oe": 0.696,
    "k_at_150Oe": 0.525,
    "k_at_200Oe": 0.397
  },
  "loss_100C_kWm3_100kHz_100mT": 700.7,
  "topology_applicability": {
    "boost_pfc": "good",
    "buck": "good",
    "flyback": "ok",
    "llc": "poor"
  },
  "data_quality": "steinmetz_fitted_to_datasheet",
  "steinmetz_25C": {
    "Pv_ref_kW_m3": 700.6992,
    "alpha": 1.21,
    "beta": 2.218,
    "f_ref_kHz": 100,
    "B_ref_T": 0.1,
    "catalog_a": 440.08,
    "catalog_b": 2.218,
    "catalog_c": 1.21,
    "catalog_source": "Magnetics 2025 Powder Core Catalog, pp.108-109, Toroid coefficients",
    "catalog_note": "P = a*B^b*f^c (mW/cm3, Tesla, kHz). Pv_ref is derived at f_ref=100kHz, B_ref=0.1T."
  },
  "dc_bias_catalog": {
    "formula": "mu_pct = 1 / (a + b * H^c)  [H in Oersteds, result 0-100]",
    "use": "material_ranking_only_not_design_calc",
    "source": "Magnetics 2025 Catalog p.63 + material bulletins",
    "note": "Toroid \u2014 small-signal differential permeability. Use for ranking only.",
    "a": 0.01,
    "b": 9.693e-08,
    "c": 2.391
  },
  "alloy": "FeNi",
  "curie_temp_C": 500,
  "max_freq_60u_MHz": 3.0
}