{
  "material_key": "high_flux_14",
  "material_line": "High Flux",
  "mu_initial": 14,
  "supplier": "Magnetics Inc",
  "type": "powder",
  "description": "High Flux powder core, permeability 14",
  "basic": {
    "Bsat_T": 1.55,
    "temp_coeff_ppm_per_C": 15,
    "AL_tolerance_pct": 8,
    "data_source": "Magnetics Inc 2025 catalog + published DC bias curves. Sigmoid model calibrated: edge_60 k(137Oe)=0.435 (Step 13 reference)."
  },
  "Bsat_25C_T": 1.55,
  "Bsat_100C_T": 1.509,
  "Bsat_150C_T": 1.481,
  "Bsat_Tcoeff": -0.00055,
  "dc_bias_rolloff": {
    "H_Oe": [
      0,
      5,
      10,
      15,
      20,
      30,
      40,
      50,
      60,
      70,
      80,
      90,
      100,
      110,
      120,
      130,
      140,
      150,
      160,
      180,
      200,
      225,
      250,
      300,
      400,
      500
    ],
    "mu_pct": [
      100.0,
      99.98,
      99.94,
      99.88,
      99.81,
      99.6,
      99.33,
      99.0,
      98.61,
      98.17,
      97.69,
      97.16,
      96.59,
      95.97,
      95.32,
      94.64,
      93.92,
      93.17,
      92.39,
      90.76,
      89.04,
      86.79,
      84.46,
      79.66,
      70.0,
      60.96
    ]
  },
  "dc_bias_H50_Oe": 640.4,
  "dc_bias_n": 1.8,
  "core_loss_surface_25C": {
    "T_C": 25,
    "f_kHz": [
      10,
      25,
      50,
      70,
      100,
      200,
      300,
      500,
      1000
    ],
    "B_pk_T": [
      0.005,
      0.01,
      0.02,
      0.05,
      0.1,
      0.15,
      0.2,
      0.3,
      0.5
    ],
    "Pv_kW_m3": [
      [
        0.11788,
        0.35042,
        0.79895,
        1.19197,
        1.82155,
        4.15305,
        6.72573,
        12.34575,
        28.14764
      ],
      [
        0.54844,
        1.63034,
        3.71708,
        5.54559,
        8.47474,
        19.32196,
        31.29131,
        57.43834,
        130.95634
      ],
      [
        2.55159,
        7.58511,
        17.29364,
        25.80077,
        39.42857,
        89.89504,
        145.58218,
        267.23072,
        609.27176
      ],
      [
        19.47341,
        57.88855,
        131.98279,
        196.90809,
        300.91372,
        686.06719,
        1111.06421,
        2039.47,
        4649.88257
      ],
      [
        90.59965,
        269.32532,
        614.04733,
        916.11097,
        1399.9951,
        3191.91399,
        5169.20419,
        9488.5937,
        21633.48644
      ],
      [
        222.68806,
        661.98416,
        1509.2885,
        2251.74132,
        3441.0971,
        7845.51746,
        12705.56845,
        23322.34757,
        53173.70578
      ],
      [
        421.51307,
        1253.03071,
        2856.84305,
        4262.18813,
        6513.44944,
        14850.31654,
        24049.61996,
        44145.49401,
        100649.36657
      ],
      [
        1036.05177,
        3079.86818,
        7021.93482,
        10476.18184,
        16009.63603,
        36501.11436,
        59112.40519,
        108506.75952,
        247389.61152
      ],
      [
        3216.93277,
        9562.96697,
        21803.0535,
        32528.46389,
        49709.7965,
        113335.67881,
        183543.56259,
        336912.65213,
        768142.83733
      ]
    ],
    "note": "kW/m3. Computed from steinmetz_25C catalog coefficients."
  },
  "dc_bias_summary": {
    "H50_Oe": 640.4,
    "k_at_50Oe": 0.99,
    "k_at_100Oe": 0.966,
    "k_at_150Oe": 0.932,
    "k_at_200Oe": 0.89
  },
  "loss_100C_kWm3_100kHz_100mT": 1400.0,
  "topology_applicability": {
    "boost_pfc": "good",
    "buck": "good",
    "flyback": "ok",
    "llc": "poor"
  },
  "data_quality": "steinmetz_fitted_to_datasheet",
  "steinmetz_25C": {
    "Pv_ref_kW_m3": 1399.9951,
    "alpha": 1.189,
    "beta": 2.218,
    "f_ref_kHz": 100,
    "B_ref_T": 0.1,
    "catalog_a": 968.56,
    "catalog_b": 2.218,
    "catalog_c": 1.189,
    "catalog_source": "Magnetics 2025 Powder Core Catalog, pp.108-109, Toroid coefficients",
    "catalog_note": "P = a*B^b*f^c (mW/cm3, Tesla, kHz). Pv_ref is derived at f_ref=100kHz, B_ref=0.1T."
  },
  "dc_bias_catalog": {
    "formula": "mu_pct = 1 / (a + b * H^c)  [H in Oersteds, result 0-100]",
    "use": "material_ranking_only_not_design_calc",
    "source": "Magnetics 2025 Catalog p.63 + material bulletins",
    "note": "Toroid \u2014 small-signal differential permeability. Use for ranking only.",
    "a": 0.01,
    "b": 1.657e-09,
    "c": 2.441
  },
  "alloy": "FeNi",
  "curie_temp_C": 500,
  "max_freq_60u_MHz": 3.0
}