{
  "material_key": "high_flux_40",
  "material_line": "High Flux",
  "mu_initial": 40,
  "supplier": "Magnetics Inc",
  "type": "powder",
  "description": "High Flux powder core, permeability 40",
  "basic": {
    "Bsat_T": 1.55,
    "temp_coeff_ppm_per_C": 15,
    "AL_tolerance_pct": 8,
    "data_source": "Magnetics Inc 2025 catalog + published DC bias curves. Sigmoid model calibrated: edge_60 k(137Oe)=0.435 (Step 13 reference)."
  },
  "Bsat_25C_T": 1.55,
  "Bsat_100C_T": 1.509,
  "Bsat_150C_T": 1.481,
  "Bsat_Tcoeff": -0.00055,
  "dc_bias_rolloff": {
    "H_Oe": [
      0,
      5,
      10,
      15,
      20,
      30,
      40,
      50,
      60,
      70,
      80,
      90,
      100,
      110,
      120,
      130,
      140,
      150,
      160,
      180,
      200,
      225,
      250,
      300,
      400,
      500
    ],
    "mu_pct": [
      100.0,
      99.93,
      99.77,
      99.52,
      99.2,
      98.36,
      97.27,
      95.98,
      94.5,
      92.87,
      91.11,
      89.23,
      87.27,
      85.24,
      83.16,
      81.05,
      78.91,
      76.77,
      74.63,
      70.42,
      66.32,
      61.43,
      56.85,
      48.69,
      36.12,
      27.45
    ]
  },
  "dc_bias_H50_Oe": 291.4,
  "dc_bias_n": 1.8,
  "core_loss_surface_25C": {
    "T_C": 25,
    "f_kHz": [
      10,
      25,
      50,
      70,
      100,
      200,
      300,
      500,
      1000
    ],
    "B_pk_T": [
      0.005,
      0.01,
      0.02,
      0.05,
      0.1,
      0.15,
      0.2,
      0.3,
      0.5
    ],
    "Pv_kW_m3": [
      [
        0.03644,
        0.13118,
        0.3457,
        0.55333,
        0.91103,
        2.4009,
        4.23204,
        8.64359,
        22.77897
      ],
      [
        0.16952,
        0.61029,
        1.60834,
        2.57434,
        4.23856,
        11.17014,
        19.68948,
        40.21414,
        105.97873
      ],
      [
        0.78868,
        2.83938,
        7.48279,
        11.97706,
        19.71983,
        51.96886,
        91.60491,
        187.09548,
        493.06392
      ],
      [
        6.01914,
        21.66977,
        57.10764,
        91.40737,
        150.49919,
        396.61953,
        699.1167,
        1427.88829,
        3762.99954
      ],
      [
        28.00391,
        100.81817,
        265.69217,
        425.27099,
        700.1945,
        1845.26451,
        3252.6266,
        6643.22193,
        17507.2807
      ],
      [
        68.8318,
        247.80453,
        653.05412,
        1045.28849,
        1721.03264,
        4535.54042,
        7994.7451,
        16328.6084,
        43031.75986
      ],
      [
        130.28764,
        469.05455,
        1236.12757,
        1978.56483,
        3257.64102,
        8585.05653,
        15132.78074,
        30907.45827,
        81452.27624
      ],
      [
        320.23857,
        1152.90566,
        3038.32134,
        4863.18396,
        8007.07024,
        21101.51184,
        37195.39303,
        75968.52672,
        200204.40925
      ],
      [
        994.33829,
        3579.76318,
        9433.96435,
        15100.14872,
        24861.89138,
        65520.03166,
        115491.40873,
        235881.69005,
        621633.14792
      ]
    ],
    "note": "kW/m3. Computed from steinmetz_25C catalog coefficients."
  },
  "dc_bias_summary": {
    "H50_Oe": 291.4,
    "k_at_50Oe": 0.96,
    "k_at_100Oe": 0.873,
    "k_at_150Oe": 0.768,
    "k_at_200Oe": 0.663
  },
  "loss_100C_kWm3_100kHz_100mT": 700.2,
  "topology_applicability": {
    "boost_pfc": "good",
    "buck": "good",
    "flyback": "ok",
    "llc": "poor"
  },
  "data_quality": "steinmetz_fitted_to_datasheet",
  "steinmetz_25C": {
    "Pv_ref_kW_m3": 700.1945,
    "alpha": 1.398,
    "beta": 2.218,
    "f_ref_kHz": 100,
    "B_ref_T": 0.1,
    "catalog_a": 185.02,
    "catalog_b": 2.218,
    "catalog_c": 1.398,
    "catalog_source": "Magnetics 2025 Powder Core Catalog, pp.108-109, Toroid coefficients",
    "catalog_note": "P = a*B^b*f^c (mW/cm3, Tesla, kHz). Pv_ref is derived at f_ref=100kHz, B_ref=0.1T."
  },
  "dc_bias_catalog": {
    "formula": "mu_pct = 1 / (a + b * H^c)  [H in Oersteds, result 0-100]",
    "use": "material_ranking_only_not_design_calc",
    "source": "Magnetics 2025 Catalog p.63 + material bulletins",
    "note": "Toroid \u2014 small-signal differential permeability. Use for ranking only.",
    "a": 0.01,
    "b": 1.849e-08,
    "c": 2.374
  },
  "alloy": "FeNi",
  "curie_temp_C": 500,
  "max_freq_60u_MHz": 3.0
}