{
  "material_key": "kool_mu_hf_60",
  "material_line": "Kool Mu HF",
  "mu_initial": 60,
  "supplier": "Magnetics Inc",
  "type": "powder",
  "description": "Kool Mu Hf powder core, permeability 60",
  "basic": {
    "Bsat_T": 1.05,
    "temp_coeff_ppm_per_C": 35,
    "AL_tolerance_pct": 8,
    "data_source": "Magnetics Inc 2025 catalog + published DC bias curves. Sigmoid model calibrated: edge_60 k(137Oe)=0.435 (Step 13 reference)."
  },
  "Bsat_25C_T": 1.05,
  "Bsat_100C_T": 1.001,
  "Bsat_150C_T": 0.969,
  "Bsat_Tcoeff": -0.00065,
  "dc_bias_rolloff": {
    "H_Oe": [
      0,
      5,
      10,
      15,
      20,
      30,
      40,
      50,
      60,
      70,
      80,
      90,
      100,
      110,
      120,
      130,
      140,
      150,
      160,
      180,
      200,
      225,
      250,
      300,
      400,
      500
    ],
    "mu_pct": [
      100.0,
      99.8,
      99.21,
      98.24,
      96.91,
      93.31,
      88.69,
      83.38,
      77.7,
      71.91,
      66.22,
      60.76,
      55.64,
      50.9,
      46.56,
      42.6,
      39.02,
      35.8,
      32.89,
      27.91,
      23.87,
      19.86,
      16.72,
      12.23,
      7.27,
      4.78
    ]
  },
  "dc_bias_H50_Oe": 112.0,
  "dc_bias_n": 2.0,
  "core_loss_surface_25C": {
    "T_C": 25,
    "f_kHz": [
      10,
      25,
      50,
      70,
      100,
      200,
      300,
      500,
      1000
    ],
    "B_pk_T": [
      0.005,
      0.01,
      0.02,
      0.05,
      0.1,
      0.15,
      0.2,
      0.3,
      0.5
    ],
    "Pv_kW_m3": [
      [
        0.07583,
        0.31295,
        0.91448,
        1.53898,
        2.67218,
        7.80836,
        14.62086,
        32.22351,
        94.15996
      ],
      [
        0.23021,
        0.95001,
        2.77602,
        4.67179,
        8.11178,
        23.70335,
        44.38364,
        97.81893,
        285.8356
      ],
      [
        0.69882,
        2.8839,
        8.427,
        14.18186,
        24.62444,
        71.9548,
        134.73268,
        296.94292,
        867.69356
      ],
      [
        3.03296,
        12.5164,
        36.57403,
        61.55069,
        106.87257,
        312.29115,
        584.75353,
        1288.76242,
        3765.87819
      ],
      [
        9.20696,
        37.99527,
        111.02555,
        186.84565,
        324.4265,
        948.00303,
        1775.10032,
        3912.21684,
        11431.84484
      ],
      [
        17.62847,
        72.74911,
        212.57937,
        357.75127,
        621.17579,
        1815.13078,
        3398.7647,
        7490.67777,
        21888.42528
      ],
      [
        27.94901,
        115.3399,
        337.03342,
        567.19585,
        984.84158,
        2877.7945,
        5388.56288,
        11876.07608,
        34702.94839
      ],
      [
        53.51365,
        220.84001,
        645.31412,
        1086.00354,
        1885.66514,
        5510.08089,
        10317.42101,
        22738.98986,
        66445.34663
      ],
      [
        121.30153,
        500.58688,
        1462.75929,
        2461.68759,
        4274.31248,
        12489.92043,
        23386.91027,
        51543.37651,
        150614.321
      ]
    ],
    "note": "kW/m3. Computed from steinmetz_25C catalog coefficients."
  },
  "dc_bias_summary": {
    "H50_Oe": 112.0,
    "k_at_50Oe": 0.834,
    "k_at_100Oe": 0.556,
    "k_at_150Oe": 0.358,
    "k_at_200Oe": 0.239
  },
  "loss_100C_kWm3_100kHz_100mT": 324.4,
  "topology_applicability": {
    "boost_pfc": "good",
    "buck": "ok",
    "flyback": "ok",
    "llc": "poor"
  },
  "data_quality": "steinmetz_fitted_to_datasheet",
  "steinmetz_25C": {
    "Pv_ref_kW_m3": 324.4265,
    "alpha": 1.547,
    "beta": 1.602,
    "f_ref_kHz": 100,
    "B_ref_T": 0.1,
    "catalog_a": 10.45,
    "catalog_b": 1.602,
    "catalog_c": 1.547,
    "catalog_source": "Magnetics Kool Mu HF Bulletin (2023)",
    "catalog_note": "Toroid 60\u00b5 \u2014 frequency-split model. <500kHz: a=10.45,b=1.602,c=1.547 (used for PFC at 70kHz). >500kHz: a=58.95,b=1.602,c=1.187.",
    "hi_freq_a": 58.95,
    "hi_freq_b": 1.602,
    "hi_freq_c": 1.187,
    "hi_freq_f_min_kHz": 500
  },
  "dc_bias_catalog": {
    "formula": "mu_pct = 1 / (a + b * H^c)  [H in Oersteds, result 0-100]",
    "use": "material_ranking_only_not_design_calc",
    "source": "Magnetics 2025 Catalog p.63 + material bulletins",
    "note": "Toroid \u2014 small-signal differential permeability. Use for ranking only.",
    "a": 0.01,
    "b": 4.064e-07,
    "c": 2.131
  },
  "alloy": "FeSiAl",
  "curie_temp_C": 500,
  "max_freq_60u_MHz": 30.0
}