{
  "material_key": "kool_mu_14",
  "material_line": "Kool Mu",
  "mu_initial": 14,
  "supplier": "Magnetics Inc",
  "type": "powder",
  "description": "Kool Mu powder core, permeability 14",
  "basic": {
    "Bsat_T": 1.05,
    "temp_coeff_ppm_per_C": 40,
    "AL_tolerance_pct": 8,
    "data_source": "Magnetics Inc 2025 catalog + published DC bias curves. Sigmoid model calibrated: edge_60 k(137Oe)=0.435 (Step 13 reference)."
  },
  "Bsat_25C_T": 1.05,
  "Bsat_100C_T": 1.001,
  "Bsat_150C_T": 0.969,
  "Bsat_Tcoeff": -0.00065,
  "dc_bias_rolloff": {
    "H_Oe": [
      0,
      5,
      10,
      15,
      20,
      30,
      40,
      50,
      60,
      70,
      80,
      90,
      100,
      110,
      120,
      130,
      140,
      150,
      160,
      180,
      200,
      225,
      250,
      300,
      400,
      500
    ],
    "mu_pct": [
      100.0,
      99.98,
      99.91,
      99.81,
      99.66,
      99.24,
      98.65,
      97.91,
      97.02,
      95.99,
      94.83,
      93.54,
      92.15,
      90.65,
      89.07,
      87.41,
      85.69,
      83.91,
      82.09,
      78.36,
      74.58,
      69.86,
      65.25,
      56.59,
      42.31,
      31.94
    ]
  },
  "dc_bias_H50_Oe": 342.5,
  "dc_bias_n": 2.0,
  "core_loss_surface_25C": {
    "T_C": 25,
    "f_kHz": [
      10,
      25,
      50,
      70,
      100,
      200,
      300,
      500,
      1000
    ],
    "B_pk_T": [
      0.005,
      0.01,
      0.02,
      0.05,
      0.1,
      0.15,
      0.2,
      0.3,
      0.5
    ],
    "Pv_kW_m3": [
      [
        0.05965,
        0.24483,
        0.71245,
        1.19657,
        2.0732,
        6.03292,
        11.26897,
        24.76015,
        72.05108
      ],
      [
        0.23664,
        0.97121,
        2.82619,
        4.74662,
        8.2241,
        23.9318,
        44.70252,
        98.22022,
        285.81706
      ],
      [
        0.93872,
        3.85267,
        11.21111,
        18.8292,
        32.62389,
        94.93427,
        177.32894,
        389.62656,
        1133.79822
      ],
      [
        5.80284,
        23.81585,
        69.3032,
        116.39561,
        201.66963,
        586.85084,
        1096.18628,
        2408.5368,
        7008.74904
      ],
      [
        23.01909,
        94.4743,
        274.91657,
        461.72588,
        799.9966,
        2327.9592,
        4348.42511,
        9554.34497,
        27802.77475
      ],
      [
        51.54156,
        211.53543,
        615.55993,
        1033.84074,
        1791.25561,
        5212.48463,
        9736.46748,
        21392.93349,
        62252.60998
      ],
      [
        91.31366,
        374.76699,
        1090.55745,
        1831.60513,
        3173.48005,
        9234.70435,
        17249.62373,
        37900.81503,
        110289.90753
      ],
      [
        204.45851,
        839.1329,
        2441.84432,
        4101.10865,
        7105.67264,
        20677.23287,
        38623.2708,
        84862.92024,
        246947.81941
      ],
      [
        564.46954,
        2316.68007,
        6741.44951,
        11322.35036,
        19617.35765,
        57085.75288,
        106631.21638,
        234289.7487,
        681774.11745
      ]
    ],
    "note": "kW/m3. Computed from steinmetz_25C catalog coefficients."
  },
  "dc_bias_summary": {
    "H50_Oe": 342.5,
    "k_at_50Oe": 0.979,
    "k_at_100Oe": 0.921,
    "k_at_150Oe": 0.839,
    "k_at_200Oe": 0.746
  },
  "loss_100C_kWm3_100kHz_100mT": 800.0,
  "topology_applicability": {
    "boost_pfc": "ok",
    "buck": "ok",
    "flyback": "ok",
    "llc": "poor"
  },
  "data_quality": "steinmetz_fitted_to_datasheet",
  "steinmetz_25C": {
    "Pv_ref_kW_m3": 799.9966,
    "alpha": 1.541,
    "beta": 1.988,
    "f_ref_kHz": 100,
    "B_ref_T": 0.1,
    "catalog_a": 64.43,
    "catalog_b": 1.988,
    "catalog_c": 1.541,
    "catalog_source": "Magnetics 2025 Powder Core Catalog, pp.108-109, Toroid coefficients",
    "catalog_note": "P = a*B^b*f^c (mW/cm3, Tesla, kHz). Pv_ref is derived at f_ref=100kHz, B_ref=0.1T."
  },
  "dc_bias_catalog": {
    "formula": "mu_pct = 1 / (a + b * H^c)  [H in Oersteds, result 0-100]",
    "use": "material_ranking_only_not_design_calc",
    "source": "Magnetics 2025 Catalog p.63 + material bulletins",
    "note": "Toroid \u2014 small-signal differential permeability. Use for ranking only.",
    "a": 0.01,
    "b": 4.498e-08,
    "c": 2.034
  },
  "alloy": "FeSiAl",
  "curie_temp_C": 500,
  "max_freq_60u_MHz": 5.0
}