{
  "material_key": "kool_mu_ultra_60",
  "material_line": "Kool Mu Ultra",
  "mu_initial": 60,
  "supplier": "Magnetics Inc",
  "type": "powder",
  "description": "Kool Mu Ultra powder core, permeability 60",
  "basic": {
    "Bsat_T": 1.05,
    "temp_coeff_ppm_per_C": 35,
    "AL_tolerance_pct": 8,
    "data_source": "Magnetics Inc 2025 catalog + published DC bias curves. Sigmoid model calibrated: edge_60 k(137Oe)=0.435 (Step 13 reference)."
  },
  "Bsat_25C_T": 1.05,
  "Bsat_100C_T": 1.001,
  "Bsat_150C_T": 0.969,
  "Bsat_Tcoeff": -0.00065,
  "dc_bias_rolloff": {
    "H_Oe": [
      0,
      5,
      10,
      15,
      20,
      30,
      40,
      50,
      60,
      70,
      80,
      90,
      100,
      110,
      120,
      130,
      140,
      150,
      160,
      180,
      200,
      225,
      250,
      300,
      400,
      500
    ],
    "mu_pct": [
      100.0,
      99.79,
      99.18,
      98.17,
      96.8,
      93.08,
      88.32,
      82.88,
      77.07,
      71.18,
      65.41,
      59.9,
      54.75,
      50.0,
      45.66,
      41.72,
      38.17,
      34.97,
      32.1,
      27.19,
      23.22,
      19.29,
      16.22,
      11.85,
      7.03,
      4.62
    ]
  },
  "dc_bias_H50_Oe": 110.0,
  "dc_bias_n": 2.0,
  "core_loss_surface_25C": {
    "T_C": 25,
    "f_kHz": [
      10,
      25,
      50,
      70,
      100,
      200,
      300,
      500,
      1000
    ],
    "B_pk_T": [
      0.005,
      0.01,
      0.02,
      0.05,
      0.1,
      0.15,
      0.2,
      0.3,
      0.5
    ],
    "Pv_kW_m3": [
      [
        0.13815,
        0.34537,
        0.69074,
        0.96703,
        1.38148,
        2.76295,
        4.14443,
        6.90738,
        13.81475
      ],
      [
        0.41937,
        1.04841,
        2.09683,
        2.93556,
        4.19366,
        8.38732,
        12.58098,
        20.9683,
        41.93659
      ],
      [
        1.27304,
        3.18261,
        6.36522,
        8.9113,
        12.73043,
        25.46087,
        38.1913,
        63.65217,
        127.30434
      ],
      [
        5.52514,
        13.81284,
        27.62569,
        38.67596,
        55.25137,
        110.50275,
        165.75412,
        276.25687,
        552.51375
      ],
      [
        16.77232,
        41.9308,
        83.8616,
        117.40624,
        167.7232,
        335.4464,
        503.1696,
        838.616,
        1677.232
      ],
      [
        32.11377,
        80.28443,
        160.56887,
        224.79641,
        321.13773,
        642.27547,
        963.4132,
        1605.68866,
        3211.37733
      ],
      [
        50.9147,
        127.28675,
        254.5735,
        356.4029,
        509.147,
        1018.29401,
        1527.44101,
        2545.73502,
        5091.47004
      ],
      [
        97.48581,
        243.71452,
        487.42903,
        682.40065,
        974.85807,
        1949.71613,
        2924.5742,
        4874.29033,
        9748.58067
      ],
      [
        220.97497,
        552.43743,
        1104.87486,
        1546.8248,
        2209.74972,
        4419.49943,
        6629.24915,
        11048.74858,
        22097.49716
      ]
    ],
    "note": "kW/m3. Computed from steinmetz_25C catalog coefficients."
  },
  "dc_bias_summary": {
    "H50_Oe": 110.0,
    "k_at_50Oe": 0.829,
    "k_at_100Oe": 0.548,
    "k_at_150Oe": 0.35,
    "k_at_200Oe": 0.232
  },
  "loss_100C_kWm3_100kHz_100mT": 167.7,
  "topology_applicability": {
    "boost_pfc": "good",
    "buck": "ok",
    "flyback": "ok",
    "llc": "poor"
  },
  "data_quality": "steinmetz_fitted_to_datasheet",
  "steinmetz_25C": {
    "Pv_ref_kW_m3": 167.7232,
    "alpha": 1.0,
    "beta": 1.602,
    "f_ref_kHz": 100,
    "B_ref_T": 0.1,
    "catalog_a": 67.08,
    "catalog_b": 1.602,
    "catalog_c": 1.0,
    "catalog_source": "Magnetics 2025 Powder Core Catalog, pp.108-109, Toroid coefficients",
    "catalog_note": "Kool Mu Ultra has frequency-split coefficients. <100kHz stored here (used for PFC at 70kHz). >100kHz: a=9.5, b=1.602, c=1.425.",
    "hi_freq_a": 9.5,
    "hi_freq_b": 1.602,
    "hi_freq_c": 1.425,
    "hi_freq_f_min_kHz": 100
  },
  "dc_bias_catalog": {
    "formula": "mu_pct = 1 / (a + b * H^c)  [H in Oersteds, result 0-100]",
    "use": "material_ranking_only_not_design_calc",
    "source": "Magnetics 2025 Catalog p.63 + material bulletins",
    "note": "Toroid \u2014 small-signal differential permeability. Use for ranking only.",
    "a": 0.01,
    "b": 6.944e-07,
    "c": 2.0
  },
  "alloy": "FeSiAl",
  "curie_temp_C": 500,
  "max_freq_60u_MHz": 30.0
}