{
  "material_key": "kool_mu_max_125",
  "material_line": "Kool Mu MAX",
  "mu_initial": 125,
  "supplier": "Magnetics Inc",
  "type": "powder",
  "description": "Kool Mu MAX powder core, permeability 125",
  "basic": {
    "Bsat_T": 1.2,
    "temp_coeff_ppm_per_C": 40,
    "AL_tolerance_pct": 8,
    "data_source": "Magnetics Inc 2025 catalog + published DC bias curves. Sigmoid model calibrated: edge_60 k(137Oe)=0.435 (Step 13 reference)."
  },
  "Bsat_25C_T": 1.2,
  "Bsat_100C_T": 1.155,
  "Bsat_150C_T": 1.125,
  "Bsat_Tcoeff": -0.0006,
  "dc_bias_rolloff": {
    "H_Oe": [
      0,
      5,
      10,
      15,
      20,
      30,
      40,
      50,
      60,
      70,
      80,
      90,
      100,
      110,
      120,
      130,
      140,
      150,
      160,
      180,
      200,
      225,
      250,
      300,
      400,
      500
    ],
    "mu_pct": [
      100.0,
      99.32,
      97.34,
      94.22,
      90.16,
      80.29,
      69.62,
      59.46,
      50.46,
      42.8,
      36.42,
      31.16,
      26.83,
      23.25,
      20.29,
      17.83,
      15.76,
      14.01,
      12.53,
      10.17,
      8.4,
      6.75,
      5.54,
      3.91,
      2.24,
      1.45
    ]
  },
  "dc_bias_H50_Oe": 60.6,
  "dc_bias_n": 2.0,
  "dc_bias_summary": {
    "H50_Oe": 60.6,
    "k_at_50Oe": 0.595,
    "k_at_100Oe": 0.268,
    "k_at_150Oe": 0.14,
    "k_at_200Oe": 0.084
  },
  "core_loss_surface_25C": {
    "T_C": 25,
    "f_kHz": [
      10,
      25,
      50,
      70,
      100,
      200,
      300,
      500,
      1000
    ],
    "B_pk_T": [
      0.005,
      0.01,
      0.02,
      0.05,
      0.1,
      0.15,
      0.2,
      0.3,
      0.5
    ],
    "Pv_kW_m3": [
      [
        0.04638,
        0.16411,
        0.42683,
        0.67884,
        1.11014,
        2.88733,
        5.05041,
        10.21542,
        26.56908
      ],
      [
        0.19503,
        0.69003,
        1.79469,
        2.85431,
        4.66778,
        12.14034,
        21.23542,
        42.95268,
        111.71477
      ],
      [
        0.82006,
        2.90138,
        7.54613,
        12.00148,
        19.62659,
        51.0464,
        89.28839,
        180.60277,
        469.72618
      ],
      [
        5.4749,
        19.37027,
        50.37976,
        80.12474,
        131.03173,
        340.79783,
        596.11036,
        1205.74674,
        3136.00293
      ],
      [
        23.02028,
        81.44602,
        211.83136,
        336.89984,
        550.948,
        1432.9498,
        2506.46025,
        5069.79323,
        13185.92529
      ],
      [
        53.33001,
        188.68222,
        490.73986,
        780.48021,
        1276.35563,
        3319.64821,
        5806.6,
        11744.95442,
        30547.22049
      ],
      [
        96.79318,
        342.45541,
        890.68553,
        1416.55995,
        2316.56645,
        6025.11202,
        10538.89244,
        21316.91718,
        55442.7498
      ],
      [
        224.23626,
        793.35054,
        2063.40979,
        3281.67862,
        5366.68186,
        13958.09708,
        24414.96246,
        49383.91161,
        128441.6425
      ],
      [
        646.21414,
        2286.31324,
        5946.42706,
        9457.28892,
        15465.94494,
        40225.07142,
        70360.13598,
        142316.77568,
        370148.89724
      ]
    ],
    "note": "kW/m3. Computed from steinmetz_25C catalog coefficients."
  },
  "loss_100C_kWm3_100kHz_100mT": 550.9,
  "topology_applicability": {
    "boost_pfc": "ok",
    "buck": "ok",
    "flyback": "ok",
    "llc": "poor"
  },
  "data_quality": "steinmetz_fitted_to_datasheet",
  "data_source": "Magnetics Inc. Kool Mu Max \u00b5125. Corrected 2026-05 from published 'Powder Core Comparison: Core Loss vs DC Bias' graph (100kHz, 1000G). Pv_ref=916.4 kW/m\u00b3 at \u00b5=125. DC bias H50%@\u00b5=60 \u2248 95 Oe.",
  "steinmetz_25C": {
    "Pv_ref_kW_m3": 550.948,
    "alpha": 1.379,
    "beta": 2.072,
    "f_ref_kHz": 100,
    "B_ref_T": 0.1,
    "catalog_a": 113.53,
    "catalog_b": 2.072,
    "catalog_c": 1.379,
    "catalog_source": "Magnetics 2025 Catalog pp.108-109 (nearest \u00b5 group)",
    "catalog_note": "Kool Mu MAX, nearest 90\u00b5 group"
  },
  "dc_bias_catalog": {
    "formula": "mu_pct = 1 / (a + b * H^c)  [H in Oersteds, result 0-100]",
    "use": "material_ranking_only_not_design_calc",
    "source": "Magnetics 2025 Catalog p.63 + material bulletins",
    "note": "Toroid \u2014 small-signal differential permeability. Use for ranking only.",
    "a": 0.01,
    "b": 3.885e-06,
    "c": 1.819
  },
  "alloy": "FeSiAl",
  "curie_temp_C": 500,
  "max_freq_60u_MHz": 15.0
}