{
  "material_key": "kool_mu_26",
  "material_line": "Kool Mu",
  "mu_initial": 26,
  "supplier": "Magnetics Inc",
  "type": "powder",
  "description": "Kool Mu powder core, permeability 26",
  "basic": {
    "Bsat_T": 1.05,
    "temp_coeff_ppm_per_C": 40,
    "AL_tolerance_pct": 8,
    "data_source": "Magnetics Inc 2025 catalog + published DC bias curves. Sigmoid model calibrated: edge_60 k(137Oe)=0.435 (Step 13 reference)."
  },
  "Bsat_25C_T": 1.05,
  "Bsat_100C_T": 1.001,
  "Bsat_150C_T": 0.969,
  "Bsat_Tcoeff": -0.00065,
  "dc_bias_rolloff": {
    "H_Oe": [
      0,
      5,
      10,
      15,
      20,
      30,
      40,
      50,
      60,
      70,
      80,
      90,
      100,
      110,
      120,
      130,
      140,
      150,
      160,
      180,
      200,
      225,
      250,
      300,
      400,
      500
    ],
    "mu_pct": [
      100.0,
      99.95,
      99.78,
      99.52,
      99.14,
      98.1,
      96.66,
      94.88,
      92.79,
      90.44,
      87.87,
      85.13,
      82.26,
      79.3,
      76.3,
      73.29,
      70.29,
      67.33,
      64.43,
      58.86,
      53.68,
      47.8,
      42.59,
      34.0,
      22.47,
      15.64
    ]
  },
  "dc_bias_H50_Oe": 215.3,
  "dc_bias_n": 2.0,
  "core_loss_surface_25C": {
    "T_C": 25,
    "f_kHz": [
      10,
      25,
      50,
      70,
      100,
      200,
      300,
      500,
      1000
    ],
    "B_pk_T": [
      0.005,
      0.01,
      0.02,
      0.05,
      0.1,
      0.15,
      0.2,
      0.3,
      0.5
    ],
    "Pv_kW_m3": [
      [
        0.04848,
        0.19897,
        0.57898,
        0.97241,
        1.68481,
        4.90274,
        9.1579,
        20.1217,
        58.55338
      ],
      [
        0.19231,
        0.78927,
        2.29674,
        3.85741,
        6.68343,
        19.44853,
        36.32816,
        79.82012,
        232.27347
      ],
      [
        0.76286,
        3.13093,
        9.11087,
        15.30183,
        26.51229,
        77.14974,
        144.109,
        316.6358,
        921.39794
      ],
      [
        4.71576,
        19.3543,
        56.32027,
        94.59062,
        163.88982,
        476.91304,
        890.83204,
        1957.33315,
        5695.76384
      ],
      [
        18.7068,
        76.77594,
        223.41503,
        375.22839,
        650.1291,
        1891.85056,
        3533.81215,
        7764.48012,
        22594.33719
      ],
      [
        41.88601,
        171.9074,
        500.2439,
        840.16601,
        1455.69044,
        4236.00293,
        7912.48468,
        17385.28463,
        50590.50664
      ],
      [
        74.2074,
        304.55995,
        886.25768,
        1488.48107,
        2578.97562,
        7504.71943,
        14018.16252,
        30800.65936,
        89628.72883
      ],
      [
        166.15624,
        681.93379,
        1984.401,
        3332.82676,
        5774.53024,
        16803.65991,
        31387.77376,
        68965.11055,
        200685.80739
      ],
      [
        458.72454,
        1882.68442,
        5478.53892,
        9201.27592,
        15942.33659,
        46391.58359,
        86655.43921,
        190399.03852,
        554053.84646
      ]
    ],
    "note": "kW/m3. Computed from steinmetz_25C catalog coefficients."
  },
  "dc_bias_summary": {
    "H50_Oe": 215.3,
    "k_at_50Oe": 0.949,
    "k_at_100Oe": 0.823,
    "k_at_150Oe": 0.673,
    "k_at_200Oe": 0.537
  },
  "loss_100C_kWm3_100kHz_100mT": 650.1,
  "topology_applicability": {
    "boost_pfc": "ok",
    "buck": "ok",
    "flyback": "ok",
    "llc": "poor"
  },
  "data_quality": "steinmetz_fitted_to_datasheet",
  "steinmetz_25C": {
    "Pv_ref_kW_m3": 650.1291,
    "alpha": 1.541,
    "beta": 1.988,
    "f_ref_kHz": 100,
    "B_ref_T": 0.1,
    "catalog_a": 52.36,
    "catalog_b": 1.988,
    "catalog_c": 1.541,
    "catalog_source": "Magnetics 2025 Powder Core Catalog, pp.108-109, Toroid coefficients",
    "catalog_note": "P = a*B^b*f^c (mW/cm3, Tesla, kHz). Pv_ref is derived at f_ref=100kHz, B_ref=0.1T."
  },
  "dc_bias_catalog": {
    "formula": "mu_pct = 1 / (a + b * H^c)  [H in Oersteds, result 0-100]",
    "use": "material_ranking_only_not_design_calc",
    "source": "Magnetics 2025 Catalog p.63 + material bulletins",
    "note": "Toroid \u2014 small-signal differential permeability. Use for ranking only.",
    "a": 0.01,
    "b": 5.266e-07,
    "c": 1.819
  },
  "alloy": "FeSiAl",
  "curie_temp_C": 500,
  "max_freq_60u_MHz": 5.0
}