{
  "material_key": "kool_mu_125",
  "material_line": "Kool Mu",
  "mu_initial": 125,
  "supplier": "Magnetics Inc",
  "type": "powder",
  "description": "Kool Mu powder core, permeability 125",
  "basic": {
    "Bsat_T": 1.05,
    "temp_coeff_ppm_per_C": 40,
    "AL_tolerance_pct": 8,
    "data_source": "Magnetics Inc 2025 catalog + published DC bias curves. Sigmoid model calibrated: edge_60 k(137Oe)=0.435 (Step 13 reference)."
  },
  "Bsat_25C_T": 1.05,
  "Bsat_100C_T": 1.001,
  "Bsat_150C_T": 0.969,
  "Bsat_Tcoeff": -0.00065,
  "dc_bias_rolloff": {
    "H_Oe": [
      0,
      5,
      10,
      15,
      20,
      30,
      40,
      50,
      60,
      70,
      80,
      90,
      100,
      110,
      120,
      130,
      140,
      150,
      160,
      180,
      200,
      225,
      250,
      300,
      400,
      500
    ],
    "mu_pct": [
      100.0,
      99.43,
      97.78,
      95.13,
      91.66,
      83.01,
      73.32,
      63.76,
      54.99,
      47.3,
      40.73,
      35.19,
      30.55,
      26.66,
      23.4,
      20.65,
      18.33,
      16.35,
      14.66,
      11.95,
      9.91,
      7.99,
      6.57,
      4.66,
      2.68,
      1.73
    ]
  },
  "dc_bias_H50_Oe": 66.3,
  "dc_bias_n": 2.0,
  "core_loss_surface_25C": {
    "T_C": 25,
    "f_kHz": [
      10,
      25,
      50,
      70,
      100,
      200,
      300,
      500,
      1000
    ],
    "B_pk_T": [
      0.005,
      0.01,
      0.02,
      0.05,
      0.1,
      0.15,
      0.2,
      0.3,
      0.5
    ],
    "Pv_kW_m3": [
      [
        0.04102,
        0.16834,
        0.48986,
        0.82272,
        1.42546,
        4.14804,
        7.74818,
        17.02429,
        49.54001
      ],
      [
        0.16271,
        0.66777,
        1.9432,
        3.26362,
        5.65462,
        16.45474,
        30.73602,
        67.53307,
        196.51864
      ],
      [
        0.64543,
        2.64897,
        7.7084,
        12.94635,
        22.43114,
        65.27376,
        121.92569,
        267.89472,
        779.56329
      ],
      [
        3.98985,
        16.37501,
        47.65066,
        80.02989,
        138.66157,
        403.49982,
        753.70253,
        1656.03264,
        4818.99102
      ],
      [
        15.82719,
        64.9575,
        189.02382,
        317.46791,
        550.052,
        1600.63007,
        2989.83762,
        6569.26112,
        19116.29607
      ],
      [
        35.43832,
        145.44498,
        423.23926,
        710.83573,
        1231.6099,
        3583.93723,
        6694.48272,
        14709.09483,
        42802.8977
      ],
      [
        62.78435,
        257.67776,
        749.83232,
        1259.35294,
        2181.98308,
        6349.48648,
        11860.28795,
        26059.38464,
        75831.80256
      ],
      [
        140.57911,
        576.96086,
        1678.93383,
        2819.79075,
        4885.63257,
        14217.00204,
        26556.12205,
        58349.02174,
        169793.39907
      ],
      [
        388.11115,
        1592.8749,
        4635.20444,
        7784.88491,
        13488.26584,
        39250.33249,
        73316.20388,
        161090.11569,
        468766.01332
      ]
    ],
    "note": "kW/m3. Computed from steinmetz_25C catalog coefficients."
  },
  "dc_bias_summary": {
    "H50_Oe": 66.3,
    "k_at_50Oe": 0.638,
    "k_at_100Oe": 0.305,
    "k_at_150Oe": 0.164,
    "k_at_200Oe": 0.099
  },
  "loss_100C_kWm3_100kHz_100mT": 550.1,
  "topology_applicability": {
    "boost_pfc": "ok",
    "buck": "ok",
    "flyback": "ok",
    "llc": "poor"
  },
  "data_quality": "steinmetz_fitted_to_datasheet",
  "steinmetz_25C": {
    "Pv_ref_kW_m3": 550.052,
    "alpha": 1.541,
    "beta": 1.988,
    "f_ref_kHz": 100,
    "B_ref_T": 0.1,
    "catalog_a": 44.3,
    "catalog_b": 1.988,
    "catalog_c": 1.541,
    "catalog_source": "Magnetics 2025 Powder Core Catalog, pp.108-109, Toroid coefficients",
    "catalog_note": "P = a*B^b*f^c (mW/cm3, Tesla, kHz). Pv_ref is derived at f_ref=100kHz, B_ref=0.1T."
  },
  "dc_bias_catalog": {
    "formula": "mu_pct = 1 / (a + b * H^c)  [H in Oersteds, result 0-100]",
    "use": "material_ranking_only_not_design_calc",
    "source": "Magnetics 2025 Catalog p.63 + material bulletins",
    "note": "Toroid \u2014 small-signal differential permeability. Use for ranking only.",
    "a": 0.01,
    "b": 2.209e-05,
    "c": 1.636
  },
  "alloy": "FeSiAl",
  "curie_temp_C": 500,
  "max_freq_60u_MHz": 5.0
}