{
  "material_key": "kool_mu_max_19",
  "material_line": "Kool Mu MAX",
  "mu_initial": 19,
  "supplier": "Magnetics Inc",
  "type": "powder",
  "description": "Kool Mu MAX powder core, permeability 19",
  "basic": {
    "Bsat_T": 1.2,
    "temp_coeff_ppm_per_C": 40,
    "AL_tolerance_pct": 8,
    "data_source": "Magnetics Inc 2025 catalog + published DC bias curves. Sigmoid model calibrated: edge_60 k(137Oe)=0.435 (Step 13 reference)."
  },
  "Bsat_25C_T": 1.2,
  "Bsat_100C_T": 1.155,
  "Bsat_150C_T": 1.125,
  "Bsat_Tcoeff": -0.0006,
  "dc_bias_rolloff": {
    "H_Oe": [
      0,
      5,
      10,
      15,
      20,
      30,
      40,
      50,
      60,
      70,
      80,
      90,
      100,
      110,
      120,
      130,
      140,
      150,
      160,
      180,
      200,
      225,
      250,
      300,
      400,
      500
    ],
    "mu_pct": [
      100.0,
      99.96,
      99.84,
      99.64,
      99.36,
      98.57,
      97.48,
      96.12,
      94.5,
      92.66,
      90.63,
      88.42,
      86.09,
      83.64,
      81.12,
      78.54,
      75.94,
      73.33,
      70.73,
      65.63,
      60.73,
      55.0,
      49.75,
      40.74,
      27.89,
      19.84
    ]
  },
  "dc_bias_H50_Oe": 248.7,
  "dc_bias_n": 2.0,
  "core_loss_surface_25C": {
    "T_C": 25,
    "f_kHz": [
      10,
      25,
      50,
      70,
      100,
      200,
      300,
      500,
      1000
    ],
    "B_pk_T": [
      0.005,
      0.01,
      0.02,
      0.05,
      0.1,
      0.15,
      0.2,
      0.3,
      0.5
    ],
    "Pv_kW_m3": [
      [
        0.05903,
        0.20886,
        0.54323,
        0.86396,
        1.41287,
        3.67472,
        6.42767,
        13.0012,
        33.81455
      ],
      [
        0.24822,
        0.87821,
        2.28411,
        3.63269,
        5.9407,
        15.45106,
        27.02639,
        54.66602,
        142.17977
      ],
      [
        1.04369,
        3.69259,
        9.60399,
        15.27433,
        24.97882,
        64.96693,
        113.63763,
        229.85376,
        597.82211
      ],
      [
        6.96793,
        24.65261,
        64.11849,
        101.97504,
        166.76452,
        433.73456,
        758.67169,
        1534.55799,
        3991.20163
      ],
      [
        29.29799,
        103.65663,
        269.59849,
        428.77358,
        701.1934,
        1823.7201,
        3189.98051,
        6452.34314,
        16781.77213
      ],
      [
        67.87329,
        240.1365,
        624.5663,
        993.31983,
        1624.42217,
        4224.92761,
        7390.07964,
        14947.84357,
        38877.55177
      ],
      [
        123.18901,
        435.84417,
        1133.57852,
        1802.86068,
        2948.30202,
        7668.18063,
        13412.88438,
        27130.11325,
        70562.1769
      ],
      [
        285.38626,
        1009.69994,
        2626.10868,
        4176.60358,
        6830.19432,
        17764.5178,
        31073.00606,
        62851.07285,
        163468.11678
      ],
      [
        822.43895,
        2909.79867,
        7568.03801,
        12036.32389,
        19683.56092,
        51194.58569,
        89547.5852,
        181127.04614,
        471089.76484
      ]
    ],
    "note": "kW/m3. Computed from steinmetz_25C catalog coefficients."
  },
  "dc_bias_summary": {
    "H50_Oe": 248.7,
    "k_at_50Oe": 0.961,
    "k_at_100Oe": 0.861,
    "k_at_150Oe": 0.733,
    "k_at_200Oe": 0.607
  },
  "loss_100C_kWm3_100kHz_100mT": 701.2,
  "topology_applicability": {
    "boost_pfc": "ok",
    "buck": "ok",
    "flyback": "ok",
    "llc": "poor"
  },
  "data_quality": "steinmetz_fitted_to_datasheet",
  "steinmetz_25C": {
    "Pv_ref_kW_m3": 701.1934,
    "alpha": 1.379,
    "beta": 2.072,
    "f_ref_kHz": 100,
    "B_ref_T": 0.1,
    "catalog_a": 144.49,
    "catalog_b": 2.072,
    "catalog_c": 1.379,
    "catalog_source": "Magnetics 2025 Powder Core Catalog, pp.108-109, Toroid coefficients",
    "catalog_note": "P = a*B^b*f^c (mW/cm3, Tesla, kHz). Pv_ref is derived at f_ref=100kHz, B_ref=0.1T."
  },
  "dc_bias_catalog": {
    "formula": "mu_pct = 1 / (a + b * H^c)  [H in Oersteds, result 0-100]",
    "use": "material_ranking_only_not_design_calc",
    "source": "Magnetics 2025 Catalog p.63 + material bulletins",
    "note": "Toroid \u2014 small-signal differential permeability. Use for ranking only.",
    "a": 0.01,
    "b": 3.136e-08,
    "c": 2.111
  },
  "alloy": "FeSiAl",
  "curie_temp_C": 500,
  "max_freq_60u_MHz": 15.0
}