{
  "material_key": "kool_mu_19",
  "material_line": "Kool Mu",
  "mu_initial": 19,
  "supplier": "Magnetics Inc",
  "type": "powder",
  "description": "Kool Mu powder core, permeability 19",
  "basic": {
    "Bsat_T": 1.05,
    "temp_coeff_ppm_per_C": 40,
    "AL_tolerance_pct": 8,
    "data_source": "Magnetics Inc 2025 catalog + published DC bias curves. Sigmoid model calibrated: edge_60 k(137Oe)=0.435 (Step 13 reference)."
  },
  "Bsat_25C_T": 1.05,
  "Bsat_100C_T": 1.001,
  "Bsat_150C_T": 0.969,
  "Bsat_Tcoeff": -0.00065,
  "dc_bias_rolloff": {
    "H_Oe": [
      0,
      5,
      10,
      15,
      20,
      30,
      40,
      50,
      60,
      70,
      80,
      90,
      100,
      110,
      120,
      130,
      140,
      150,
      160,
      180,
      200,
      225,
      250,
      300,
      400,
      500
    ],
    "mu_pct": [
      100.0,
      99.97,
      99.87,
      99.7,
      99.46,
      98.8,
      97.89,
      96.74,
      95.37,
      93.81,
      92.06,
      90.16,
      88.13,
      85.98,
      83.75,
      81.45,
      79.11,
      76.74,
      74.35,
      69.61,
      64.98,
      59.45,
      54.28,
      45.19,
      31.69,
      22.89
    ]
  },
  "dc_bias_H50_Oe": 272.4,
  "dc_bias_n": 2.0,
  "core_loss_surface_25C": {
    "T_C": 25,
    "f_kHz": [
      10,
      25,
      50,
      70,
      100,
      200,
      300,
      500,
      1000
    ],
    "B_pk_T": [
      0.005,
      0.01,
      0.02,
      0.05,
      0.1,
      0.15,
      0.2,
      0.3,
      0.5
    ],
    "Pv_kW_m3": [
      [
        0.08144,
        0.28005,
        0.71289,
        1.12203,
        1.81473,
        4.61955,
        7.97941,
        15.88631,
        40.44003
      ],
      [
        0.32304,
        1.11092,
        2.82794,
        4.45094,
        7.19878,
        18.32515,
        31.65327,
        63.01888,
        160.42023
      ],
      [
        1.28147,
        4.40687,
        11.21807,
        17.65627,
        28.55662,
        72.69344,
        125.56431,
        249.98752,
        636.3657
      ],
      [
        7.92157,
        27.24173,
        69.34626,
        109.14495,
        176.52715,
        449.36572,
        776.1952,
        1545.33652,
        3933.79299
      ],
      [
        31.42383,
        108.06431,
        275.0874,
        432.96351,
        700.2597,
        1782.574,
        3079.06307,
        6130.14432,
        15604.83329
      ],
      [
        70.36044,
        241.96452,
        615.94243,
        969.43951,
        1567.93681,
        3991.32406,
        6894.26556,
        13725.87761,
        34940.45502
      ],
      [
        124.65416,
        428.67672,
        1091.23511,
        1717.50861,
        2777.83704,
        7071.23383,
        12214.23344,
        24317.46674,
        61902.29702
      ],
      [
        279.11051,
        959.84105,
        2443.36165,
        3845.63751,
        6219.79667,
        15833.05141,
        27348.63399,
        54448.7299,
        138604.13529
      ],
      [
        770.56894,
        2649.93141,
        6745.63857,
        10617.04505,
        17171.62921,
        43711.92537,
        75504.1727,
        150322.18086,
        382658.62092
      ]
    ],
    "note": "kW/m3. Computed from steinmetz_25C catalog coefficients."
  },
  "dc_bias_summary": {
    "H50_Oe": 272.4,
    "k_at_50Oe": 0.967,
    "k_at_100Oe": 0.881,
    "k_at_150Oe": 0.767,
    "k_at_200Oe": 0.65
  },
  "loss_100C_kWm3_100kHz_100mT": 700.3,
  "topology_applicability": {
    "boost_pfc": "ok",
    "buck": "ok",
    "flyback": "ok",
    "llc": "poor"
  },
  "data_quality": "steinmetz_fitted_to_datasheet",
  "steinmetz_25C": {
    "Pv_ref_kW_m3": 700.2597,
    "alpha": 1.348,
    "beta": 1.988,
    "f_ref_kHz": 100,
    "B_ref_T": 0.1,
    "catalog_a": 137.17,
    "catalog_b": 1.988,
    "catalog_c": 1.348,
    "catalog_source": "Magnetics 2025 Powder Core Catalog, pp.108-109, Toroid coefficients",
    "catalog_note": "P = a*B^b*f^c (mW/cm3, Tesla, kHz). Pv_ref is derived at f_ref=100kHz, B_ref=0.1T."
  },
  "dc_bias_catalog": {
    "formula": "mu_pct = 1 / (a + b * H^c)  [H in Oersteds, result 0-100]",
    "use": "material_ranking_only_not_design_calc",
    "source": "Magnetics 2025 Catalog p.63 + material bulletins",
    "note": "Toroid \u2014 small-signal differential permeability. Use for ranking only.",
    "a": 0.01,
    "b": 3.121e-07,
    "c": 1.819
  },
  "alloy": "FeSiAl",
  "curie_temp_C": 500,
  "max_freq_60u_MHz": 5.0
}