{
  "material_key": "kool_mu_hf_26",
  "material_line": "Kool Mu HF",
  "mu_initial": 26,
  "supplier": "Magnetics Inc",
  "type": "powder",
  "description": "Kool Mu Hf powder core, permeability 26",
  "basic": {
    "Bsat_T": 1.05,
    "temp_coeff_ppm_per_C": 35,
    "AL_tolerance_pct": 8,
    "data_source": "Magnetics Inc 2025 catalog + published DC bias curves. Sigmoid model calibrated: edge_60 k(137Oe)=0.435 (Step 13 reference)."
  },
  "Bsat_25C_T": 1.05,
  "Bsat_100C_T": 1.001,
  "Bsat_150C_T": 0.969,
  "Bsat_Tcoeff": -0.00065,
  "dc_bias_rolloff": {
    "H_Oe": [
      0,
      5,
      10,
      15,
      20,
      30,
      40,
      50,
      60,
      70,
      80,
      90,
      100,
      110,
      120,
      130,
      140,
      150,
      160,
      180,
      200,
      225,
      250,
      300,
      400,
      500
    ],
    "mu_pct": [
      100.0,
      99.94,
      99.77,
      99.49,
      99.1,
      97.99,
      96.49,
      94.62,
      92.43,
      89.97,
      87.3,
      84.45,
      81.47,
      78.42,
      75.33,
      72.24,
      69.17,
      66.15,
      63.21,
      57.58,
      52.37,
      46.49,
      41.3,
      32.82,
      21.56,
      14.96
    ]
  },
  "dc_bias_H50_Oe": 209.7,
  "dc_bias_n": 2.0,
  "core_loss_surface_25C": {
    "T_C": 25,
    "f_kHz": [
      10,
      25,
      50,
      70,
      100,
      200,
      300,
      500,
      1000
    ],
    "B_pk_T": [
      0.005,
      0.01,
      0.02,
      0.05,
      0.1,
      0.15,
      0.2,
      0.3,
      0.5
    ],
    "Pv_kW_m3": [
      [
        0.13475,
        0.48333,
        1.27023,
        2.03042,
        3.33825,
        8.77312,
        15.43922,
        31.46897,
        82.70244
      ],
      [
        0.40904,
        1.46723,
        3.85596,
        6.16361,
        10.13371,
        26.63202,
        46.86789,
        95.52841,
        251.0547
      ],
      [
        1.2417,
        4.45396,
        11.7053,
        18.71049,
        30.76227,
        80.8452,
        142.27397,
        289.98971,
        762.11131
      ],
      [
        5.38913,
        19.33066,
        50.8022,
        81.20541,
        133.51138,
        350.87636,
        617.48346,
        1258.58481,
        3307.64049
      ],
      [
        16.35944,
        58.68089,
        154.2171,
        246.51027,
        405.2923,
        1065.1338,
        1874.45657,
        3820.60851,
        10040.80084
      ],
      [
        31.32323,
        112.35565,
        295.27776,
        471.99046,
        776.00863,
        2039.39976,
        3589.001,
        7315.27633,
        19225.00891
      ],
      [
        49.66134,
        178.13398,
        468.14737,
        748.31607,
        1230.32091,
        3233.36118,
        5690.17253,
        11597.98631,
        30480.24165
      ],
      [
        95.08601,
        341.07114,
        896.35653,
        1432.7924,
        2355.68167,
        6190.88044,
        10894.90962,
        22206.5345,
        58360.17733
      ],
      [
        215.53525,
        773.11958,
        2031.80716,
        3247.76777,
        5339.71773,
        14033.11595,
        24695.92678,
        50336.43868,
        132287.34484
      ]
    ],
    "note": "kW/m3. Computed from steinmetz_25C catalog coefficients."
  },
  "dc_bias_summary": {
    "H50_Oe": 209.7,
    "k_at_50Oe": 0.946,
    "k_at_100Oe": 0.815,
    "k_at_150Oe": 0.662,
    "k_at_200Oe": 0.524
  },
  "loss_100C_kWm3_100kHz_100mT": 405.3,
  "topology_applicability": {
    "boost_pfc": "good",
    "buck": "ok",
    "flyback": "ok",
    "llc": "poor"
  },
  "data_quality": "steinmetz_fitted_to_datasheet",
  "steinmetz_25C": {
    "Pv_ref_kW_m3": 405.2923,
    "alpha": 1.394,
    "beta": 1.602,
    "f_ref_kHz": 100,
    "B_ref_T": 0.1,
    "catalog_a": 26.41,
    "catalog_b": 1.602,
    "catalog_c": 1.394,
    "catalog_source": "Magnetics 2025 Powder Core Catalog, pp.108-109, Toroid coefficients",
    "catalog_note": "P = a*B^b*f^c (mW/cm3, Tesla, kHz). Pv_ref is derived at f_ref=100kHz, B_ref=0.1T."
  },
  "dc_bias_catalog": {
    "formula": "mu_pct = 1 / (a + b * H^c)  [H in Oersteds, result 0-100]",
    "use": "material_ranking_only_not_design_calc",
    "source": "Magnetics 2025 Catalog p.63 + material bulletins",
    "note": "Toroid \u2014 small-signal differential permeability. Use for ranking only.",
    "a": 0.01,
    "b": 3.556e-08,
    "c": 2.213
  },
  "alloy": "FeSiAl",
  "curie_temp_C": 500,
  "max_freq_60u_MHz": 30.0
}