{
  "material_key": "kool_mu_hf_125",
  "material_line": "Kool Mu HF",
  "mu_initial": 125,
  "supplier": "Magnetics Inc",
  "type": "powder",
  "description": "Kool Mu HF powder core, permeability 125",
  "basic": {
    "Bsat_T": 1.05,
    "temp_coeff_ppm_per_C": 35,
    "AL_tolerance_pct": 8,
    "data_source": "Magnetics Inc 2025 catalog + published DC bias curves. Sigmoid model calibrated: edge_60 k(137Oe)=0.435 (Step 13 reference)."
  },
  "Bsat_25C_T": 1.05,
  "Bsat_100C_T": 1.001,
  "Bsat_150C_T": 0.969,
  "Bsat_Tcoeff": -0.00065,
  "dc_bias_rolloff": {
    "H_Oe": [
      0,
      5,
      10,
      15,
      20,
      30,
      40,
      50,
      60,
      70,
      80,
      90,
      100,
      110,
      120,
      130,
      140,
      150,
      160,
      180,
      200,
      225,
      250,
      300,
      400,
      500
    ],
    "mu_pct": [
      100.0,
      99.4,
      97.66,
      94.88,
      91.25,
      82.25,
      72.28,
      62.53,
      53.68,
      45.99,
      39.46,
      33.99,
      29.44,
      25.64,
      22.46,
      19.8,
      17.55,
      15.64,
      14.01,
      11.41,
      9.44,
      7.61,
      6.26,
      4.43,
      2.54,
      1.64
    ]
  },
  "dc_bias_H50_Oe": 64.6,
  "dc_bias_n": 2.0,
  "dc_bias_summary": {
    "H50_Oe": 64.6,
    "k_at_50Oe": 0.625,
    "k_at_100Oe": 0.294,
    "k_at_150Oe": 0.156,
    "k_at_200Oe": 0.094
  },
  "core_loss_surface_25C": {
    "T_C": 25,
    "f_kHz": [
      10,
      25,
      50,
      70,
      100,
      200,
      300,
      500,
      1000
    ],
    "B_pk_T": [
      0.005,
      0.01,
      0.02,
      0.05,
      0.1,
      0.15,
      0.2,
      0.3,
      0.5
    ],
    "Pv_kW_m3": [
      [
        0.16508,
        0.49982,
        1.15548,
        1.73552,
        2.6712,
        6.1752,
        10.08197,
        18.69652,
        43.22211
      ],
      [
        0.50114,
        1.51728,
        3.50761,
        5.26841,
        8.10879,
        18.74569,
        30.60523,
        56.75587,
        131.20671
      ],
      [
        1.52127,
        4.60591,
        10.64782,
        15.99299,
        24.61536,
        56.90512,
        92.90642,
        172.29031,
        398.29615
      ],
      [
        6.60246,
        19.99012,
        46.21264,
        69.4112,
        106.83314,
        246.97402,
        403.22328,
        747.75743,
        1728.64575
      ],
      [
        20.04269,
        60.68279,
        140.28486,
        210.7073,
        324.3068,
        749.72384,
        1224.04012,
        2269.92125,
        5247.54359
      ],
      [
        38.37552,
        116.18865,
        268.60184,
        403.43891,
        620.9466,
        1435.48784,
        2343.6559,
        4346.19279,
        10047.41295
      ],
      [
        60.84237,
        184.21101,
        425.85411,
        639.6312,
        984.47821,
        2275.89055,
        3715.74331,
        6890.66035,
        15929.64539
      ],
      [
        116.4942,
        352.70675,
        815.3781,
        1224.69469,
        1884.9694,
        4357.62215,
        7114.49211,
        13193.47019,
        30500.31362
      ],
      [
        264.06206,
        799.49449,
        1848.25009,
        2776.06437,
        4272.73543,
        9877.59617,
        16126.70341,
        29906.16583,
        69136.27905
      ]
    ],
    "note": "kW/m3. Computed from steinmetz_25C catalog coefficients."
  },
  "loss_100C_kWm3_100kHz_100mT": 324.3,
  "topology_applicability": {
    "boost_pfc": "good",
    "buck": "ok",
    "flyback": "ok",
    "llc": "poor"
  },
  "data_quality": "steinmetz_fitted_to_datasheet",
  "data_source": "Magnetics Inc. Kool Mu HF \u00b5125. Corrected 2026-05 from published 'Powder Core Comparison: Core Loss vs DC Bias' graph (100kHz, 1000G). Pv_ref=652.4 kW/m\u00b3 at \u00b5=125. DC bias H50%@\u00b5=60 \u2248 120 Oe.",
  "steinmetz_25C": {
    "Pv_ref_kW_m3": 324.3068,
    "alpha": 1.209,
    "beta": 1.602,
    "f_ref_kHz": 100,
    "B_ref_T": 0.1,
    "catalog_a": 49.54,
    "catalog_b": 1.602,
    "catalog_c": 1.209,
    "catalog_source": "Magnetics 2025 Catalog pp.108-109 (nearest \u00b5 group)",
    "catalog_note": "Kool Mu HF, nearest 60\u00b5 group"
  },
  "dc_bias_catalog": {
    "formula": "mu_pct = 1 / (a + b * H^c)  [H in Oersteds, result 0-100]",
    "use": "material_ranking_only_not_design_calc",
    "source": "Magnetics 2025 Catalog p.63 + material bulletins",
    "note": "Toroid \u2014 small-signal differential permeability. Use for ranking only.",
    "a": 0.01,
    "b": 4.064e-07,
    "c": 2.131
  },
  "alloy": "FeSiAl",
  "curie_temp_C": 500,
  "max_freq_60u_MHz": 30.0
}