{
  "material_key": "kool_mu_ultra_26",
  "material_line": "Kool Mu Ultra",
  "mu_initial": 26,
  "supplier": "Magnetics Inc",
  "type": "powder",
  "description": "Kool Mu Ultra powder core, permeability 26",
  "basic": {
    "Bsat_T": 1.05,
    "temp_coeff_ppm_per_C": 35,
    "AL_tolerance_pct": 8,
    "data_source": "Magnetics Inc 2025 catalog + published DC bias curves. Sigmoid model calibrated: edge_60 k(137Oe)=0.435 (Step 13 reference)."
  },
  "Bsat_25C_T": 1.05,
  "Bsat_100C_T": 1.001,
  "Bsat_150C_T": 0.969,
  "Bsat_Tcoeff": -0.00065,
  "dc_bias_rolloff": {
    "H_Oe": [
      0,
      5,
      10,
      15,
      20,
      30,
      40,
      50,
      60,
      70,
      80,
      90,
      100,
      110,
      120,
      130,
      140,
      150,
      160,
      180,
      200,
      225,
      250,
      300,
      400,
      500
    ],
    "mu_pct": [
      100.0,
      99.94,
      99.76,
      99.47,
      99.07,
      97.92,
      96.37,
      94.43,
      92.18,
      89.64,
      86.89,
      83.97,
      80.92,
      77.81,
      74.66,
      71.51,
      68.4,
      65.34,
      62.36,
      56.7,
      51.47,
      45.59,
      40.43,
      32.03,
      20.96,
      14.51
    ]
  },
  "dc_bias_H50_Oe": 206.0,
  "dc_bias_n": 2.0,
  "core_loss_surface_25C": {
    "T_C": 25,
    "f_kHz": [
      10,
      25,
      50,
      70,
      100,
      200,
      300,
      500,
      1000
    ],
    "B_pk_T": [
      0.005,
      0.01,
      0.02,
      0.05,
      0.1,
      0.15,
      0.2,
      0.3,
      0.5
    ],
    "Pv_kW_m3": [
      [
        0.16432,
        0.41081,
        0.82162,
        1.15026,
        1.64323,
        3.28646,
        4.92969,
        8.21615,
        16.43231
      ],
      [
        0.49883,
        1.24706,
        2.49413,
        3.49178,
        4.98825,
        9.97651,
        14.96476,
        24.94127,
        49.88254
      ],
      [
        1.51425,
        3.78563,
        7.57127,
        10.59978,
        15.14254,
        30.28507,
        45.42761,
        75.71268,
        151.42536
      ],
      [
        6.57201,
        16.43004,
        32.86007,
        46.0041,
        65.72014,
        131.44029,
        197.16043,
        328.60072,
        657.20144
      ],
      [
        19.95026,
        49.87565,
        99.7513,
        139.65182,
        199.5026,
        399.0052,
        598.5078,
        997.513,
        1995.026
      ],
      [
        38.19854,
        95.49635,
        190.9927,
        267.38978,
        381.98539,
        763.97079,
        1145.95618,
        1909.92697,
        3819.85394
      ],
      [
        60.56178,
        151.40444,
        302.80889,
        423.93244,
        605.61777,
        1211.23555,
        1816.85332,
        3028.08887,
        6056.17775
      ],
      [
        115.95696,
        289.89239,
        579.78479,
        811.6987,
        1159.56957,
        2319.13914,
        3478.70871,
        5797.84785,
        11595.6957
      ],
      [
        262.84427,
        657.11066,
        1314.22133,
        1839.90986,
        2628.44266,
        5256.88532,
        7885.32797,
        13142.21329,
        26284.42658
      ]
    ],
    "note": "kW/m3. Computed from steinmetz_25C catalog coefficients."
  },
  "dc_bias_summary": {
    "H50_Oe": 206.0,
    "k_at_50Oe": 0.944,
    "k_at_100Oe": 0.809,
    "k_at_150Oe": 0.653,
    "k_at_200Oe": 0.515
  },
  "loss_100C_kWm3_100kHz_100mT": 199.5,
  "topology_applicability": {
    "boost_pfc": "good",
    "buck": "ok",
    "flyback": "ok",
    "llc": "poor"
  },
  "data_quality": "steinmetz_fitted_to_datasheet",
  "steinmetz_25C": {
    "Pv_ref_kW_m3": 199.5026,
    "alpha": 1.0,
    "beta": 1.602,
    "f_ref_kHz": 100,
    "B_ref_T": 0.1,
    "catalog_a": 79.79,
    "catalog_b": 1.602,
    "catalog_c": 1.0,
    "catalog_source": "Magnetics 2025 Powder Core Catalog, pp.108-109, Toroid coefficients",
    "catalog_note": "Kool Mu Ultra has frequency-split coefficients. <100kHz stored here (used for PFC at 70kHz). >100kHz: a=11.83, b=1.602, c=1.414.",
    "hi_freq_a": 11.83,
    "hi_freq_b": 1.602,
    "hi_freq_c": 1.414,
    "hi_freq_f_min_kHz": 100
  },
  "dc_bias_catalog": {
    "formula": "mu_pct = 1 / (a + b * H^c)  [H in Oersteds, result 0-100]",
    "use": "material_ranking_only_not_design_calc",
    "source": "Magnetics 2025 Catalog p.63 + material bulletins",
    "note": "Toroid \u2014 small-signal differential permeability. Use for ranking only.",
    "a": 0.01,
    "b": 7.38e-08,
    "c": 2.11
  },
  "alloy": "FeSiAl",
  "curie_temp_C": 500,
  "max_freq_60u_MHz": 30.0
}