{
  "material_key": "mpp_14",
  "material_line": "MPP",
  "mu_initial": 14,
  "supplier": "Magnetics Inc",
  "type": "powder",
  "description": "MPP powder core, permeability 14",
  "basic": {
    "Bsat_T": 0.75,
    "temp_coeff_ppm_per_C": 10,
    "AL_tolerance_pct": 8,
    "data_source": "Magnetics Inc 2025 catalog + published DC bias curves. Sigmoid model calibrated: edge_60 k(137Oe)=0.435 (Step 13 reference)."
  },
  "Bsat_25C_T": 0.75,
  "Bsat_100C_T": 0.72,
  "Bsat_150C_T": 0.7,
  "Bsat_Tcoeff": -0.0004,
  "dc_bias_rolloff": {
    "H_Oe": [
      0,
      5,
      10,
      15,
      20,
      30,
      40,
      50,
      60,
      70,
      80,
      90,
      100,
      110,
      120,
      130,
      140,
      150,
      160,
      180,
      200,
      225,
      250,
      300,
      400,
      500
    ],
    "mu_pct": [
      100.0,
      99.97,
      99.9,
      99.81,
      99.71,
      99.44,
      99.11,
      98.74,
      98.32,
      97.86,
      97.36,
      96.83,
      96.27,
      95.68,
      95.07,
      94.43,
      93.77,
      93.1,
      92.4,
      90.97,
      89.48,
      87.57,
      85.62,
      81.64,
      73.73,
      66.26
    ]
  },
  "dc_bias_H50_Oe": 762.4,
  "dc_bias_n": 1.6,
  "core_loss_surface_25C": {
    "T_C": 25,
    "f_kHz": [
      10,
      25,
      50,
      70,
      100,
      200,
      300,
      500,
      1000
    ],
    "B_pk_T": [
      0.005,
      0.01,
      0.02,
      0.05,
      0.1,
      0.15,
      0.2,
      0.3,
      0.5
    ],
    "Pv_kW_m3": [
      [
        0.07983,
        0.2666,
        0.66377,
        1.03353,
        1.65263,
        4.11462,
        7.01562,
        13.74102,
        34.2117
      ],
      [
        0.34296,
        1.14533,
        2.85158,
        4.44007,
        7.09971,
        17.67649,
        30.13924,
        59.03169,
        146.97405
      ],
      [
        1.47335,
        4.92035,
        12.25043,
        19.07461,
        30.50049,
        75.93854,
        129.4787,
        253.60119,
        631.40317
      ],
      [
        10.11986,
        33.79587,
        84.14322,
        131.01578,
        209.49545,
        521.59098,
        889.3366,
        1741.88356,
        4336.85193
      ],
      [
        43.47511,
        145.18767,
        361.48077,
        562.84615,
        899.9962,
        2240.76416,
        3820.60594,
        7483.16293,
        18631.19347
      ],
      [
        101.9907,
        340.60392,
        848.01809,
        1320.41246,
        2111.35175,
        5256.7348,
        8962.97458,
        17555.17323,
        43707.9657
      ],
      [
        186.76984,
        623.72882,
        1552.92786,
        2417.99711,
        3866.39977,
        9626.36292,
        16413.39147,
        32147.80182,
        80039.94041
      ],
      [
        438.15389,
        1463.24054,
        3643.1009,
        5672.51555,
        9070.4049,
        22583.02674,
        38505.09911,
        75417.33818,
        187770.20241
      ],
      [
        1282.84621,
        4284.13992,
        10666.43081,
        16608.24013,
        26556.7298,
        66119.5774,
        112736.92012,
        220810.19464,
        549761.84444
      ]
    ],
    "note": "kW/m3. Computed from steinmetz_25C catalog coefficients."
  },
  "dc_bias_summary": {
    "H50_Oe": 762.4,
    "k_at_50Oe": 0.987,
    "k_at_100Oe": 0.963,
    "k_at_150Oe": 0.931,
    "k_at_200Oe": 0.895
  },
  "loss_100C_kWm3_100kHz_100mT": 900.0,
  "topology_applicability": {
    "boost_pfc": "good",
    "buck": "good",
    "flyback": "ok",
    "llc": "poor"
  },
  "data_quality": "steinmetz_fitted_to_datasheet",
  "steinmetz_25C": {
    "Pv_ref_kW_m3": 899.9962,
    "alpha": 1.316,
    "beta": 2.103,
    "f_ref_kHz": 100,
    "B_ref_T": 0.1,
    "catalog_a": 266.22,
    "catalog_b": 2.103,
    "catalog_c": 1.316,
    "catalog_source": "Magnetics 2025 Powder Core Catalog, pp.108-109, Toroid coefficients",
    "catalog_note": "P = a*B^b*f^c (mW/cm3, Tesla, kHz). Pv_ref is derived at f_ref=100kHz, B_ref=0.1T."
  },
  "dc_bias_catalog": {
    "formula": "mu_pct = 1 / (a + b * H^c)  [H in Oersteds, result 0-100]",
    "use": "material_ranking_only_not_design_calc",
    "source": "Magnetics 2025 Catalog p.63 + material bulletins",
    "note": "Toroid \u2014 small-signal differential permeability. Use for ranking only.",
    "a": 0.01,
    "b": 4.357e-09,
    "c": 2.385
  },
  "alloy": "FeNiMo",
  "curie_temp_C": 460,
  "max_freq_60u_MHz": 6.0
}