{
  "material_key": "mpp_147",
  "material_line": "MPP",
  "mu_initial": 147,
  "supplier": "Magnetics Inc",
  "type": "powder",
  "description": "MPP powder core, permeability 147",
  "basic": {
    "Bsat_T": 0.75,
    "temp_coeff_ppm_per_C": 10,
    "AL_tolerance_pct": 8,
    "data_source": "Magnetics Inc 2025 catalog + published DC bias curves. Sigmoid model calibrated: edge_60 k(137Oe)=0.435 (Step 13 reference)."
  },
  "Bsat_25C_T": 0.75,
  "Bsat_100C_T": 0.72,
  "Bsat_150C_T": 0.7,
  "Bsat_Tcoeff": -0.0004,
  "dc_bias_rolloff": {
    "H_Oe": [
      0,
      5,
      10,
      15,
      20,
      30,
      40,
      50,
      60,
      70,
      80,
      90,
      100,
      110,
      120,
      130,
      140,
      150,
      160,
      180,
      200,
      225,
      250,
      300,
      400,
      500
    ],
    "mu_pct": [
      100.0,
      99.35,
      98.06,
      96.36,
      94.35,
      89.72,
      84.64,
      79.4,
      74.22,
      69.23,
      64.51,
      60.08,
      55.98,
      52.2,
      48.72,
      45.53,
      42.6,
      39.93,
      37.48,
      33.18,
      29.55,
      25.79,
      22.69,
      17.98,
      12.16,
      8.83
    ]
  },
  "dc_bias_H50_Oe": 116.2,
  "dc_bias_n": 1.6,
  "core_loss_surface_25C": {
    "T_C": 25,
    "f_kHz": [
      10,
      25,
      50,
      70,
      100,
      200,
      300,
      500,
      1000
    ],
    "B_pk_T": [
      0.005,
      0.01,
      0.02,
      0.05,
      0.1,
      0.15,
      0.2,
      0.3,
      0.5
    ],
    "Pv_kW_m3": [
      [
        0.03244,
        0.14027,
        0.42463,
        0.72699,
        1.28546,
        3.89139,
        7.43873,
        16.82726,
        50.94004
      ],
      [
        0.13936,
        0.60261,
        1.82423,
        3.12314,
        5.52237,
        16.7175,
        31.95693,
        72.2902,
        218.83931
      ],
      [
        0.59868,
        2.58881,
        7.83692,
        13.41708,
        23.72419,
        71.81867,
        137.28756,
        310.55998,
        940.13759
      ],
      [
        4.11206,
        17.78146,
        53.82863,
        92.15649,
        162.95184,
        493.29327,
        942.97249,
        2133.11035,
        6457.42331
      ],
      [
        17.66548,
        76.38947,
        231.24876,
        395.90593,
        700.044,
        2119.19671,
        4051.02667,
        9163.88023,
        27741.20602
      ],
      [
        41.44243,
        179.20635,
        542.49948,
        928.77801,
        1642.27263,
        4971.54287,
        9503.53154,
        21498.06256,
        65079.65702
      ],
      [
        75.8912,
        328.17051,
        993.44879,
        1700.81895,
        3007.40155,
        9104.10696,
        17403.28305,
        39368.19339,
        119176.71726
      ],
      [
        178.03744,
        769.87368,
        2330.58745,
        3990.04693,
        7055.2326,
        21357.83708,
        40827.34149,
        92356.06129,
        279583.3706
      ],
      [
        521.26583,
        2254.06996,
        6823.59628,
        11682.23464,
        20656.61983,
        62532.41333,
        119536.08333,
        270404.13201,
        818576.47019
      ]
    ],
    "note": "kW/m3. Computed from steinmetz_25C catalog coefficients."
  },
  "dc_bias_summary": {
    "H50_Oe": 116.2,
    "k_at_50Oe": 0.794,
    "k_at_100Oe": 0.56,
    "k_at_150Oe": 0.399,
    "k_at_200Oe": 0.296
  },
  "loss_100C_kWm3_100kHz_100mT": 700.0,
  "topology_applicability": {
    "boost_pfc": "good",
    "buck": "good",
    "flyback": "ok",
    "llc": "poor"
  },
  "data_quality": "steinmetz_fitted_to_datasheet",
  "steinmetz_25C": {
    "Pv_ref_kW_m3": 700.044,
    "alpha": 1.598,
    "beta": 2.103,
    "f_ref_kHz": 100,
    "B_ref_T": 0.1,
    "catalog_a": 56.51,
    "catalog_b": 2.103,
    "catalog_c": 1.598,
    "catalog_source": "Magnetics 2025 Powder Core Catalog, pp.108-109, Toroid coefficients",
    "catalog_note": "P = a*B^b*f^c (mW/cm3, Tesla, kHz). Pv_ref is derived at f_ref=100kHz, B_ref=0.1T."
  },
  "dc_bias_catalog": {
    "formula": "mu_pct = 1 / (a + b * H^c)  [H in Oersteds, result 0-100]",
    "use": "material_ranking_only_not_design_calc",
    "source": "Magnetics 2025 Catalog p.63 + material bulletins",
    "note": "Toroid \u2014 small-signal differential permeability. Use for ranking only.",
    "a": 0.01,
    "b": 9.118e-07,
    "c": 2.43
  },
  "alloy": "FeNiMo",
  "curie_temp_C": 460,
  "max_freq_60u_MHz": 6.0
}