{
  "material_key": "mpp_75",
  "material_line": "MPP",
  "mu_initial": 75,
  "supplier": "Magnetics Inc",
  "type": "powder",
  "description": "MPP powder core, permeability 75",
  "basic": {
    "Bsat_T": 0.75,
    "temp_coeff_ppm_per_C": 10,
    "AL_tolerance_pct": 8,
    "data_source": "Magnetics Inc 2025 catalog + published DC bias curves. Sigmoid model calibrated: edge_60 k(137Oe)=0.435 (Step 13 reference)."
  },
  "Bsat_25C_T": 0.75,
  "Bsat_100C_T": 0.72,
  "Bsat_150C_T": 0.7,
  "Bsat_Tcoeff": -0.0004,
  "dc_bias_rolloff": {
    "H_Oe": [
      0,
      5,
      10,
      15,
      20,
      30,
      40,
      50,
      60,
      70,
      80,
      90,
      100,
      110,
      120,
      130,
      140,
      150,
      160,
      180,
      200,
      225,
      250,
      300,
      400,
      500
    ],
    "mu_pct": [
      100.0,
      99.73,
      99.17,
      98.43,
      97.53,
      95.38,
      92.88,
      90.12,
      87.2,
      84.19,
      81.13,
      78.08,
      75.06,
      72.1,
      69.21,
      66.42,
      63.72,
      61.14,
      58.66,
      54.02,
      49.82,
      45.12,
      40.99,
      34.16,
      24.67,
      18.64
    ]
  },
  "dc_bias_H50_Oe": 199.1,
  "dc_bias_n": 1.6,
  "core_loss_surface_25C": {
    "T_C": 25,
    "f_kHz": [
      10,
      25,
      50,
      70,
      100,
      200,
      300,
      500,
      1000
    ],
    "B_pk_T": [
      0.005,
      0.01,
      0.02,
      0.05,
      0.1,
      0.15,
      0.2,
      0.3,
      0.5
    ],
    "Pv_kW_m3": [
      [
        0.03636,
        0.1314,
        0.34724,
        0.55654,
        0.91763,
        2.42501,
        4.28148,
        8.76245,
        23.15633
      ],
      [
        0.15622,
        0.56448,
        1.49174,
        2.39091,
        3.94217,
        10.41789,
        18.3933,
        37.64365,
        99.48
      ],
      [
        0.67112,
        2.42501,
        6.40852,
        10.27139,
        16.93565,
        44.75545,
        79.01797,
        161.71779,
        427.36785
      ],
      [
        4.60967,
        16.65642,
        44.01753,
        70.55002,
        116.3241,
        307.40699,
        542.74232,
        1110.77382,
        2935.41621
      ],
      [
        19.80322,
        71.55626,
        189.10008,
        303.08415,
        499.7304,
        1320.62594,
        2331.63072,
        4771.90419,
        12610.60056
      ],
      [
        46.45748,
        167.86787,
        443.62053,
        711.02217,
        1172.34568,
        3098.13074,
        5469.90378,
        11194.6787,
        29583.91782
      ],
      [
        85.07498,
        307.40699,
        812.37733,
        1302.05492,
        2146.85074,
        5673.43266,
        10016.72728,
        20500.18577,
        54175.36556
      ],
      [
        199.58218,
        721.16337,
        1905.80172,
        3054.56394,
        5036.41801,
        13309.62509,
        23498.80446,
        48092.53994,
        127093.0401
      ],
      [
        584.34548,
        2111.45379,
        5579.88997,
        8943.28644,
        14745.84582,
        38968.50481,
        68800.83163,
        140807.4504,
        372108.58403
      ]
    ],
    "note": "kW/m3. Computed from steinmetz_25C catalog coefficients."
  },
  "dc_bias_summary": {
    "H50_Oe": 199.1,
    "k_at_50Oe": 0.901,
    "k_at_100Oe": 0.751,
    "k_at_150Oe": 0.611,
    "k_at_200Oe": 0.498
  },
  "loss_100C_kWm3_100kHz_100mT": 499.7,
  "topology_applicability": {
    "boost_pfc": "good",
    "buck": "good",
    "flyback": "ok",
    "llc": "poor"
  },
  "data_quality": "steinmetz_fitted_to_datasheet",
  "steinmetz_25C": {
    "Pv_ref_kW_m3": 499.7304,
    "alpha": 1.402,
    "beta": 2.103,
    "f_ref_kHz": 100,
    "B_ref_T": 0.1,
    "catalog_a": 99.48,
    "catalog_b": 2.103,
    "catalog_c": 1.402,
    "catalog_source": "Magnetics 2025 Powder Core Catalog, pp.108-109, Toroid coefficients",
    "catalog_note": "P = a*B^b*f^c (mW/cm3, Tesla, kHz). Pv_ref is derived at f_ref=100kHz, B_ref=0.1T."
  },
  "dc_bias_catalog": {
    "formula": "mu_pct = 1 / (a + b * H^c)  [H in Oersteds, result 0-100]",
    "use": "material_ranking_only_not_design_calc",
    "source": "Magnetics 2025 Catalog p.63 + material bulletins",
    "note": "Toroid \u2014 small-signal differential permeability. Use for ranking only.",
    "a": 0.01,
    "b": 6.228e-07,
    "c": 2.18
  },
  "alloy": "FeNiMo",
  "curie_temp_C": 460,
  "max_freq_60u_MHz": 6.0
}