{
  "material_key": "mpp_26",
  "material_line": "MPP",
  "mu_initial": 26,
  "supplier": "Magnetics Inc",
  "type": "powder",
  "description": "MPP powder core, permeability 26",
  "basic": {
    "Bsat_T": 0.75,
    "temp_coeff_ppm_per_C": 10,
    "AL_tolerance_pct": 8,
    "data_source": "Magnetics Inc 2025 catalog + published DC bias curves. Sigmoid model calibrated: edge_60 k(137Oe)=0.435 (Step 13 reference)."
  },
  "Bsat_25C_T": 0.75,
  "Bsat_100C_T": 0.72,
  "Bsat_150C_T": 0.7,
  "Bsat_Tcoeff": -0.0004,
  "dc_bias_rolloff": {
    "H_Oe": [
      0,
      5,
      10,
      15,
      20,
      30,
      40,
      50,
      60,
      70,
      80,
      90,
      100,
      110,
      120,
      130,
      140,
      150,
      160,
      180,
      200,
      225,
      250,
      300,
      400,
      500
    ],
    "mu_pct": [
      100.0,
      99.93,
      99.79,
      99.59,
      99.35,
      98.77,
      98.06,
      97.25,
      96.36,
      95.38,
      94.35,
      93.25,
      92.11,
      90.93,
      89.72,
      88.47,
      87.21,
      85.92,
      84.63,
      82.01,
      79.39,
      76.14,
      72.94,
      66.82,
      55.96,
      47.07
    ]
  },
  "dc_bias_H50_Oe": 464.6,
  "dc_bias_n": 1.6,
  "core_loss_surface_25C": {
    "T_C": 25,
    "f_kHz": [
      10,
      25,
      50,
      70,
      100,
      200,
      300,
      500,
      1000
    ],
    "B_pk_T": [
      0.005,
      0.01,
      0.02,
      0.05,
      0.1,
      0.15,
      0.2,
      0.3,
      0.5
    ],
    "Pv_kW_m3": [
      [
        0.04843,
        0.16791,
        0.43011,
        0.679,
        1.10173,
        2.8221,
        4.89246,
        9.78535,
        25.06536
      ],
      [
        0.20804,
        0.72135,
        1.84775,
        2.91701,
        4.73304,
        12.12377,
        21.01811,
        42.03803,
        107.68124
      ],
      [
        0.89373,
        3.09892,
        7.93795,
        12.53153,
        20.33322,
        52.08394,
        90.29416,
        180.59612,
        462.60051
      ],
      [
        6.13867,
        21.28524,
        54.52256,
        86.074,
        139.66061,
        357.74342,
        620.1939,
        1240.44138,
        3177.41506
      ],
      [
        26.37182,
        91.44177,
        234.2299,
        369.77545,
        599.9845,
        1536.87213,
        2664.3641,
        5328.95836,
        13650.23194
      ],
      [
        61.86713,
        214.5184,
        549.4931,
        867.47704,
        1407.53742,
        3605.43485,
        6250.48175,
        12501.50344,
        32022.84762
      ],
      [
        113.29379,
        392.83548,
        1006.25583,
        1588.56194,
        2577.54414,
        6602.43016,
        11446.15584,
        22893.30044,
        58641.64059
      ],
      [
        265.78228,
        921.57487,
        2360.63219,
        3726.69688,
        6046.80592,
        15489.01262,
        26852.18139,
        53706.68238,
        137570.72615
      ],
      [
        778.16904,
        2698.22736,
        6911.5626,
        10911.18679,
        17704.10392,
        45349.41136,
        78618.99588,
        157244.78316,
        402785.61335
      ]
    ],
    "note": "kW/m3. Computed from steinmetz_25C catalog coefficients."
  },
  "dc_bias_summary": {
    "H50_Oe": 464.6,
    "k_at_50Oe": 0.973,
    "k_at_100Oe": 0.921,
    "k_at_150Oe": 0.859,
    "k_at_200Oe": 0.794
  },
  "loss_100C_kWm3_100kHz_100mT": 600.0,
  "topology_applicability": {
    "boost_pfc": "good",
    "buck": "good",
    "flyback": "ok",
    "llc": "poor"
  },
  "data_quality": "steinmetz_fitted_to_datasheet",
  "steinmetz_25C": {
    "Pv_ref_kW_m3": 599.9845,
    "alpha": 1.357,
    "beta": 2.103,
    "f_ref_kHz": 100,
    "B_ref_T": 0.1,
    "catalog_a": 146.94,
    "catalog_b": 2.103,
    "catalog_c": 1.357,
    "catalog_source": "Magnetics 2025 Powder Core Catalog, pp.108-109, Toroid coefficients",
    "catalog_note": "P = a*B^b*f^c (mW/cm3, Tesla, kHz). Pv_ref is derived at f_ref=100kHz, B_ref=0.1T."
  },
  "dc_bias_catalog": {
    "formula": "mu_pct = 1 / (a + b * H^c)  [H in Oersteds, result 0-100]",
    "use": "material_ranking_only_not_design_calc",
    "source": "Magnetics 2025 Catalog p.63 + material bulletins",
    "note": "Toroid \u2014 small-signal differential permeability. Use for ranking only.",
    "a": 0.01,
    "b": 1.09e-08,
    "c": 2.505
  },
  "alloy": "FeNiMo",
  "curie_temp_C": 460,
  "max_freq_60u_MHz": 6.0
}