{
  "material_key": "mpp_60",
  "material_line": "MPP",
  "mu_initial": 60,
  "supplier": "Magnetics Inc",
  "type": "powder",
  "description": "MPP powder core, permeability 60",
  "basic": {
    "Bsat_T": 0.75,
    "temp_coeff_ppm_per_C": 10,
    "AL_tolerance_pct": 8,
    "data_source": "Magnetics Inc 2025 catalog + published DC bias curves. Sigmoid model calibrated: edge_60 k(137Oe)=0.435 (Step 13 reference)."
  },
  "Bsat_25C_T": 0.75,
  "Bsat_100C_T": 0.72,
  "Bsat_150C_T": 0.7,
  "Bsat_Tcoeff": -0.0004,
  "dc_bias_rolloff": {
    "H_Oe": [
      0,
      5,
      10,
      15,
      20,
      30,
      40,
      50,
      60,
      70,
      80,
      90,
      100,
      110,
      120,
      130,
      140,
      150,
      160,
      180,
      200,
      225,
      250,
      300,
      400,
      500
    ],
    "mu_pct": [
      100.0,
      99.79,
      99.38,
      98.81,
      98.13,
      96.49,
      94.55,
      92.39,
      90.07,
      87.63,
      85.12,
      82.58,
      80.02,
      77.47,
      74.94,
      72.46,
      70.04,
      67.67,
      65.37,
      60.99,
      56.91,
      52.25,
      48.03,
      40.84,
      30.35,
      23.37
    ]
  },
  "dc_bias_H50_Oe": 238.0,
  "dc_bias_n": 1.6,
  "core_loss_surface_25C": {
    "T_C": 25,
    "f_kHz": [
      10,
      25,
      50,
      70,
      100,
      200,
      300,
      500,
      1000
    ],
    "B_pk_T": [
      0.005,
      0.01,
      0.02,
      0.05,
      0.1,
      0.15,
      0.2,
      0.3,
      0.5
    ],
    "Pv_kW_m3": [
      [
        0.02939,
        0.11086,
        0.30268,
        0.49285,
        0.82636,
        2.25612,
        4.05993,
        8.51095,
        23.23648
      ],
      [
        0.12625,
        0.47627,
        1.3003,
        2.1173,
        3.55007,
        9.69234,
        17.44155,
        36.56317,
        99.82432
      ],
      [
        0.54238,
        2.04606,
        5.58612,
        9.09598,
        15.25114,
        41.63848,
        74.92921,
        157.07605,
        428.84705
      ],
      [
        3.72538,
        14.05353,
        38.36876,
        62.47659,
        104.75392,
        285.99783,
        514.65828,
        1078.89159,
        2945.57625
      ],
      [
        16.00429,
        60.3742,
        164.8329,
        268.40056,
        450.0247,
        1228.65178,
        2210.9812,
        4634.93755,
        12654.24828
      ],
      [
        37.54536,
        141.63525,
        386.69077,
        629.65597,
        1055.73828,
        2882.36339,
        5186.86527,
        10873.36095,
        29686.31346
      ],
      [
        68.75471,
        259.36866,
        708.12507,
        1153.05359,
        1933.31416,
        5278.31003,
        9498.41477,
        19911.77464,
        54362.87693
      ],
      [
        161.29554,
        608.46755,
        1661.23046,
        2705.01333,
        4535.47053,
        12382.68467,
        22282.86596,
        46712.15314,
        127532.9336
      ],
      [
        472.24816,
        1781.49801,
        4863.8235,
        7919.85682,
        13279.1498,
        36254.56795,
        65240.7535,
        136765.8933,
        373396.52353
      ]
    ],
    "note": "kW/m3. Computed from steinmetz_25C catalog coefficients."
  },
  "dc_bias_summary": {
    "H50_Oe": 238.0,
    "k_at_50Oe": 0.924,
    "k_at_100Oe": 0.8,
    "k_at_150Oe": 0.677,
    "k_at_200Oe": 0.569
  },
  "loss_100C_kWm3_100kHz_100mT": 450.0,
  "topology_applicability": {
    "boost_pfc": "good",
    "buck": "good",
    "flyback": "ok",
    "llc": "poor"
  },
  "data_quality": "steinmetz_fitted_to_datasheet",
  "steinmetz_25C": {
    "Pv_ref_kW_m3": 450.0247,
    "alpha": 1.449,
    "beta": 2.103,
    "f_ref_kHz": 100,
    "B_ref_T": 0.1,
    "catalog_a": 72.15,
    "catalog_b": 2.103,
    "catalog_c": 1.449,
    "catalog_source": "Magnetics 2025 Powder Core Catalog, pp.108-109, Toroid coefficients",
    "catalog_note": "P = a*B^b*f^c (mW/cm3, Tesla, kHz). Pv_ref is derived at f_ref=100kHz, B_ref=0.1T."
  },
  "dc_bias_catalog": {
    "formula": "mu_pct = 1 / (a + b * H^c)  [H in Oersteds, result 0-100]",
    "use": "material_ranking_only_not_design_calc",
    "source": "Magnetics 2025 Catalog p.63 + material bulletins",
    "note": "Toroid \u2014 small-signal differential permeability. Use for ranking only.",
    "a": 0.01,
    "b": 1.165e-07,
    "c": 2.436
  },
  "alloy": "FeNiMo",
  "curie_temp_C": 460,
  "max_freq_60u_MHz": 6.0
}