{
  "material_key": "mpp_90",
  "material_line": "MPP",
  "mu_initial": 90,
  "supplier": "Magnetics Inc",
  "type": "powder",
  "description": "MPP powder core, permeability 90",
  "basic": {
    "Bsat_T": 0.75,
    "temp_coeff_ppm_per_C": 10,
    "AL_tolerance_pct": 8,
    "data_source": "Magnetics Inc 2025 catalog + published DC bias curves. Sigmoid model calibrated: edge_60 k(137Oe)=0.435 (Step 13 reference)."
  },
  "Bsat_25C_T": 0.75,
  "Bsat_100C_T": 0.72,
  "Bsat_150C_T": 0.7,
  "Bsat_Tcoeff": -0.0004,
  "dc_bias_rolloff": {
    "H_Oe": [
      0,
      5,
      10,
      15,
      20,
      30,
      40,
      50,
      60,
      70,
      80,
      90,
      100,
      110,
      120,
      130,
      140,
      150,
      160,
      180,
      200,
      225,
      250,
      300,
      400,
      500
    ],
    "mu_pct": [
      100.0,
      99.65,
      98.96,
      98.02,
      96.9,
      94.24,
      91.17,
      87.84,
      84.37,
      80.83,
      77.3,
      73.83,
      70.44,
      67.17,
      64.03,
      61.03,
      58.18,
      55.47,
      52.91,
      48.2,
      44.01,
      39.43,
      35.49,
      29.12,
      20.59,
      15.36
    ]
  },
  "dc_bias_H50_Oe": 172.1,
  "dc_bias_n": 1.6,
  "core_loss_surface_25C": {
    "T_C": 25,
    "f_kHz": [
      10,
      25,
      50,
      70,
      100,
      200,
      300,
      500,
      1000
    ],
    "B_pk_T": [
      0.005,
      0.01,
      0.02,
      0.05,
      0.1,
      0.15,
      0.2,
      0.3,
      0.5
    ],
    "Pv_kW_m3": [
      [
        0.03984,
        0.14921,
        0.40512,
        0.65789,
        1.09994,
        2.98643,
        5.35673,
        11.18365,
        30.3646
      ],
      [
        0.17117,
        0.64101,
        1.7404,
        2.82631,
        4.72535,
        12.82974,
        23.01259,
        48.04514,
        130.44688
      ],
      [
        0.73536,
        2.75379,
        7.4768,
        12.14188,
        20.30018,
        55.1168,
        98.86248,
        206.40279,
        560.40215
      ],
      [
        5.05089,
        18.91469,
        51.35508,
        83.39767,
        139.43366,
        378.57493,
        679.04625,
        1417.69695,
        3849.17476
      ],
      [
        21.6987,
        81.25784,
        220.62234,
        358.27787,
        599.0095,
        1626.36468,
        2917.19485,
        6090.45146,
        16536.12361
      ],
      [
        50.9042,
        190.62734,
        517.57037,
        840.50423,
        1405.25011,
        3815.38046,
        6843.61164,
        14287.93297,
        38793.02336
      ],
      [
        93.218,
        349.08513,
        947.79752,
        1539.16815,
        2573.35553,
        6986.89175,
        12532.32125,
        26164.68842,
        71039.48282
      ],
      [
        218.68536,
        818.93845,
        2223.49156,
        3610.82121,
        6036.97961,
        16390.94272,
        29400.27799,
        61381.21561,
        166655.52222
      ],
      [
        640.2766,
        2397.72395,
        6510.03623,
        10571.9209,
        17675.334,
        47990.12189,
        86079.425,
        179714.61859,
        487941.35655
      ]
    ],
    "note": "kW/m3. Computed from steinmetz_25C catalog coefficients."
  },
  "dc_bias_summary": {
    "H50_Oe": 172.1,
    "k_at_50Oe": 0.878,
    "k_at_100Oe": 0.704,
    "k_at_150Oe": 0.555,
    "k_at_200Oe": 0.44
  },
  "loss_100C_kWm3_100kHz_100mT": 599.0,
  "topology_applicability": {
    "boost_pfc": "good",
    "buck": "good",
    "flyback": "ok",
    "llc": "poor"
  },
  "data_quality": "steinmetz_fitted_to_datasheet",
  "steinmetz_25C": {
    "Pv_ref_kW_m3": 599.0095,
    "alpha": 1.441,
    "beta": 2.103,
    "f_ref_kHz": 100,
    "B_ref_T": 0.1,
    "catalog_a": 99.64,
    "catalog_b": 2.103,
    "catalog_c": 1.441,
    "catalog_source": "Magnetics 2025 Powder Core Catalog, pp.108-109, Toroid coefficients",
    "catalog_note": "P = a*B^b*f^c (mW/cm3, Tesla, kHz). Pv_ref is derived at f_ref=100kHz, B_ref=0.1T."
  },
  "dc_bias_catalog": {
    "formula": "mu_pct = 1 / (a + b * H^c)  [H in Oersteds, result 0-100]",
    "use": "material_ranking_only_not_design_calc",
    "source": "Magnetics 2025 Catalog p.63 + material bulletins",
    "note": "Toroid \u2014 small-signal differential permeability. Use for ranking only.",
    "a": 0.01,
    "b": 8.712e-07,
    "c": 2.239
  },
  "alloy": "FeNiMo",
  "curie_temp_C": 460,
  "max_freq_60u_MHz": 6.0
}