{
  "material_key": "mpp_125",
  "material_line": "MPP",
  "mu_initial": 125,
  "supplier": "Magnetics Inc",
  "type": "powder",
  "description": "MPP powder core, permeability 125",
  "basic": {
    "Bsat_T": 0.75,
    "temp_coeff_ppm_per_C": 10,
    "AL_tolerance_pct": 8,
    "data_source": "Magnetics Inc 2025 catalog + published DC bias curves. Sigmoid model calibrated: edge_60 k(137Oe)=0.435 (Step 13 reference)."
  },
  "Bsat_25C_T": 0.75,
  "Bsat_100C_T": 0.72,
  "Bsat_150C_T": 0.7,
  "Bsat_Tcoeff": -0.0004,
  "dc_bias_rolloff": {
    "H_Oe": [
      0,
      5,
      10,
      15,
      20,
      30,
      40,
      50,
      60,
      70,
      80,
      90,
      100,
      110,
      120,
      130,
      140,
      150,
      160,
      180,
      200,
      225,
      250,
      300,
      400,
      500
    ],
    "mu_pct": [
      100.0,
      99.47,
      98.42,
      97.02,
      95.36,
      91.48,
      87.15,
      82.59,
      77.99,
      73.47,
      69.1,
      64.94,
      61.01,
      57.33,
      53.9,
      50.7,
      47.74,
      45.0,
      42.45,
      37.93,
      34.05,
      29.95,
      26.54,
      21.25,
      14.55,
      10.65
    ]
  },
  "dc_bias_H50_Oe": 132.3,
  "dc_bias_n": 1.6,
  "core_loss_surface_25C": {
    "T_C": 25,
    "f_kHz": [
      10,
      25,
      50,
      70,
      100,
      200,
      300,
      500,
      1000
    ],
    "B_pk_T": [
      0.005,
      0.01,
      0.02,
      0.05,
      0.1,
      0.15,
      0.2,
      0.3,
      0.5
    ],
    "Pv_kW_m3": [
      [
        0.0328,
        0.1371,
        0.40453,
        0.68401,
        1.19361,
        3.52186,
        6.63209,
        14.72164,
        43.43741
      ],
      [
        0.14091,
        0.589,
        1.73789,
        2.93852,
        5.12779,
        15.12996,
        28.49156,
        63.24441,
        186.60789
      ],
      [
        0.60534,
        2.53035,
        7.466,
        12.62392,
        22.02907,
        64.99858,
        122.40026,
        271.69913,
        801.67082
      ],
      [
        4.1578,
        17.37994,
        51.28095,
        86.70856,
        151.3087,
        446.44888,
        840.7177,
        1866.19099,
        5506.35126
      ],
      [
        17.862,
        74.66453,
        220.30389,
        372.50151,
        650.0249,
        1917.95236,
        3611.73828,
        8017.18989,
        23655.3835
      ],
      [
        41.90346,
        175.15973,
        516.8233,
        873.87226,
        1524.93001,
        4499.43243,
        8472.98016,
        18807.97712,
        55494.49593
      ],
      [
        76.73546,
        320.76016,
        946.42946,
        1600.27314,
        2792.5186,
        8239.55766,
        15516.09224,
        34441.99115,
        101623.95061
      ],
      [
        180.01802,
        752.48933,
        2220.28216,
        3754.17084,
        6551.12659,
        19329.6422,
        36400.07433,
        80799.4061,
        238405.34711
      ],
      [
        527.06468,
        2203.1713,
        6500.6396,
        10991.62625,
        19180.67613,
        56594.17527,
        106573.7361,
        236568.04944,
        698013.64472
      ]
    ],
    "note": "kW/m3. Computed from steinmetz_25C catalog coefficients."
  },
  "dc_bias_summary": {
    "H50_Oe": 132.3,
    "k_at_50Oe": 0.826,
    "k_at_100Oe": 0.61,
    "k_at_150Oe": 0.45,
    "k_at_200Oe": 0.34
  },
  "loss_100C_kWm3_100kHz_100mT": 650.0,
  "topology_applicability": {
    "boost_pfc": "good",
    "buck": "good",
    "flyback": "ok",
    "llc": "poor"
  },
  "data_quality": "steinmetz_fitted_to_datasheet",
  "steinmetz_25C": {
    "Pv_ref_kW_m3": 650.0249,
    "alpha": 1.561,
    "beta": 2.103,
    "f_ref_kHz": 100,
    "B_ref_T": 0.1,
    "catalog_a": 62.22,
    "catalog_b": 2.103,
    "catalog_c": 1.561,
    "catalog_source": "Magnetics 2025 Powder Core Catalog, pp.108-109, Toroid coefficients",
    "catalog_note": "P = a*B^b*f^c (mW/cm3, Tesla, kHz). Pv_ref is derived at f_ref=100kHz, B_ref=0.1T."
  },
  "dc_bias_catalog": {
    "formula": "mu_pct = 1 / (a + b * H^c)  [H in Oersteds, result 0-100]",
    "use": "material_ranking_only_not_design_calc",
    "source": "Magnetics 2025 Catalog p.63 + material bulletins",
    "note": "Toroid \u2014 small-signal differential permeability. Use for ranking only.",
    "a": 0.01,
    "b": 4.061e-07,
    "c": 2.518
  },
  "alloy": "FeNiMo",
  "curie_temp_C": 460,
  "max_freq_60u_MHz": 6.0
}