{
  "material_key": "mpp_550",
  "material_line": "MPP",
  "mu_initial": 550,
  "supplier": "Magnetics Inc",
  "type": "powder",
  "description": "MPP powder core, permeability 550",
  "basic": {
    "Bsat_T": 0.75,
    "temp_coeff_ppm_per_C": 10,
    "AL_tolerance_pct": 8,
    "data_source": "Magnetics Inc 2025 catalog + published DC bias curves. Sigmoid model calibrated: edge_60 k(137Oe)=0.435 (Step 13 reference)."
  },
  "Bsat_25C_T": 0.75,
  "Bsat_100C_T": 0.72,
  "Bsat_150C_T": 0.7,
  "Bsat_Tcoeff": -0.0004,
  "dc_bias_rolloff": {
    "H_Oe": [
      0,
      5,
      10,
      15,
      20,
      30,
      40,
      50,
      60,
      70,
      80,
      90,
      100,
      110,
      120,
      130,
      140,
      150,
      160,
      180,
      200,
      225,
      250,
      300,
      400,
      500
    ],
    "mu_pct": [
      100.0,
      96.59,
      90.34,
      83.02,
      75.52,
      61.72,
      50.44,
      41.59,
      34.72,
      29.36,
      25.13,
      21.76,
      19.02,
      16.78,
      14.93,
      13.37,
      12.06,
      10.94,
      9.97,
      8.4,
      7.19,
      6.03,
      5.14,
      3.89,
      2.49,
      1.76
    ]
  },
  "dc_bias_H50_Oe": 40.4,
  "dc_bias_n": 1.6,
  "core_loss_surface_25C": {
    "T_C": 25,
    "f_kHz": [
      10,
      25,
      50,
      70,
      100,
      200,
      300,
      500,
      1000
    ],
    "B_pk_T": [
      0.005,
      0.01,
      0.02,
      0.05,
      0.1,
      0.15,
      0.2,
      0.3,
      0.5
    ],
    "Pv_kW_m3": [
      [
        0.04782,
        0.21588,
        0.67516,
        1.17433,
        2.11156,
        6.60386,
        12.86671,
        29.81322,
        93.2402
      ],
      [
        0.20543,
        0.92743,
        2.90051,
        5.04493,
        9.07129,
        28.37028,
        55.27564,
        128.07812,
        400.56158
      ],
      [
        0.88254,
        3.98425,
        12.46066,
        21.67313,
        38.97045,
        121.87923,
        237.46512,
        550.2259,
        1720.8197
      ],
      [
        6.06182,
        27.3662,
        85.58721,
        148.86393,
        267.67216,
        837.13895,
        1631.05149,
        3779.27823,
        11819.61168
      ],
      [
        26.0417,
        117.56569,
        367.68418,
        639.52211,
        1149.9244,
        3596.36392,
        7007.02639,
        16235.84686,
        50777.26317
      ],
      [
        61.09268,
        275.80398,
        862.57102,
        1500.29093,
        2697.67239,
        8436.9126,
        16438.17771,
        38088.58723,
        119121.24041
      ],
      [
        111.8756,
        505.06431,
        1579.57782,
        2747.39843,
        4940.09579,
        15450.04373,
        30102.31071,
        69749.48853,
        218140.03082
      ],
      [
        262.45526,
        1184.85881,
        3705.62054,
        6445.27666,
        11589.24884,
        36245.12742,
        70618.70544,
        163629.25199,
        511746.97945
      ],
      [
        768.42805,
        3469.08166,
        10849.47855,
        18870.76404,
        33931.51169,
        106120.07574,
        206760.54698,
        479080.90968,
        1498315.27953
      ]
    ],
    "note": "kW/m3. Computed from steinmetz_25C catalog coefficients."
  },
  "dc_bias_summary": {
    "H50_Oe": 40.4,
    "k_at_50Oe": 0.416,
    "k_at_100Oe": 0.19,
    "k_at_150Oe": 0.109,
    "k_at_200Oe": 0.072
  },
  "loss_100C_kWm3_100kHz_100mT": 1149.9,
  "topology_applicability": {
    "boost_pfc": "good",
    "buck": "good",
    "flyback": "ok",
    "llc": "poor"
  },
  "data_quality": "steinmetz_fitted_to_datasheet",
  "steinmetz_25C": {
    "Pv_ref_kW_m3": 1149.9244,
    "alpha": 1.645,
    "beta": 2.103,
    "f_ref_kHz": 100,
    "B_ref_T": 0.1,
    "catalog_a": 74.76,
    "catalog_b": 2.103,
    "catalog_c": 1.645,
    "catalog_source": "Magnetics 2025 Powder Core Catalog, pp.108-109, Toroid coefficients",
    "catalog_note": "P = a*B^b*f^c (mW/cm3, Tesla, kHz). Pv_ref is derived at f_ref=100kHz, B_ref=0.1T."
  },
  "dc_bias_catalog": {
    "formula": "mu_pct = 1 / (a + b * H^c)  [H in Oersteds, result 0-100]",
    "use": "material_ranking_only_not_design_calc",
    "source": "Magnetics 2025 Catalog p.63 + material bulletins",
    "note": "Toroid \u2014 small-signal differential permeability. Use for ranking only.",
    "a": 0.01,
    "b": 0.0005597,
    "c": 1.71
  },
  "alloy": "FeNiMo",
  "curie_temp_C": 460,
  "max_freq_60u_MHz": 6.0
}