{
  "material_key": "mpp_300",
  "material_line": "MPP",
  "mu_initial": 300,
  "supplier": "Magnetics Inc",
  "type": "powder",
  "description": "MPP powder core, permeability 300",
  "basic": {
    "Bsat_T": 0.75,
    "temp_coeff_ppm_per_C": 10,
    "AL_tolerance_pct": 8,
    "data_source": "Magnetics Inc 2025 catalog + published DC bias curves. Sigmoid model calibrated: edge_60 k(137Oe)=0.435 (Step 13 reference)."
  },
  "Bsat_25C_T": 0.75,
  "Bsat_100C_T": 0.72,
  "Bsat_150C_T": 0.7,
  "Bsat_Tcoeff": -0.0004,
  "dc_bias_rolloff": {
    "H_Oe": [
      0,
      5,
      10,
      15,
      20,
      30,
      40,
      50,
      60,
      70,
      80,
      90,
      100,
      110,
      120,
      130,
      140,
      150,
      160,
      180,
      200,
      225,
      250,
      300,
      400,
      500
    ],
    "mu_pct": [
      100.0,
      98.4,
      95.31,
      91.39,
      87.02,
      77.79,
      68.85,
      60.74,
      53.61,
      47.45,
      42.17,
      37.66,
      33.79,
      30.47,
      27.6,
      25.11,
      22.95,
      21.06,
      19.39,
      16.61,
      14.41,
      12.24,
      10.54,
      8.09,
      5.26,
      3.74
    ]
  },
  "dc_bias_H50_Oe": 65.7,
  "dc_bias_n": 1.6,
  "core_loss_surface_25C": {
    "T_C": 25,
    "f_kHz": [
      10,
      25,
      50,
      70,
      100,
      200,
      300,
      500,
      1000
    ],
    "B_pk_T": [
      0.005,
      0.01,
      0.02,
      0.05,
      0.1,
      0.15,
      0.2,
      0.3,
      0.5
    ],
    "Pv_kW_m3": [
      [
        0.03273,
        0.14496,
        0.4468,
        0.77166,
        1.37717,
        4.24484,
        8.20038,
        18.7982,
        57.94141
      ],
      [
        0.14062,
        0.62274,
        1.91947,
        3.31508,
        5.91637,
        18.23593,
        35.22898,
        80.75742,
        248.91733
      ],
      [
        0.60412,
        2.67532,
        8.2461,
        14.24165,
        25.41682,
        78.34187,
        151.34432,
        346.9353,
        1069.35328
      ],
      [
        4.14944,
        18.37569,
        56.6391,
        97.82014,
        174.57781,
        538.09847,
        1039.52266,
        2382.95769,
        7344.95339
      ],
      [
        17.82605,
        78.94229,
        243.32258,
        420.23705,
        749.9894,
        2311.68065,
        4465.80795,
        10237.22886,
        31554.05116
      ],
      [
        41.81913,
        185.19515,
        570.82414,
        985.85776,
        1759.44236,
        5423.10179,
        10476.5903,
        24016.09153,
        74024.42509
      ],
      [
        76.58103,
        339.13747,
        1045.31815,
        1805.3459,
        3221.96788,
        9931.02143,
        19185.19085,
        43979.31829,
        135556.76817
      ],
      [
        179.65575,
        795.60169,
        2452.27071,
        4235.26258,
        7558.59584,
        23297.74229,
        45007.61933,
        103173.55879,
        318010.25421
      ],
      [
        526.004,
        2329.39757,
        7179.86588,
        12400.18777,
        22130.38883,
        68212.15298,
        131775.28437,
        302076.07625,
        931084.38753
      ]
    ],
    "note": "kW/m3. Computed from steinmetz_25C catalog coefficients."
  },
  "dc_bias_summary": {
    "H50_Oe": 65.7,
    "k_at_50Oe": 0.607,
    "k_at_100Oe": 0.338,
    "k_at_150Oe": 0.211,
    "k_at_200Oe": 0.144
  },
  "loss_100C_kWm3_100kHz_100mT": 750.0,
  "topology_applicability": {
    "boost_pfc": "good",
    "buck": "good",
    "flyback": "ok",
    "llc": "poor"
  },
  "data_quality": "steinmetz_fitted_to_datasheet",
  "steinmetz_25C": {
    "Pv_ref_kW_m3": 749.9894,
    "alpha": 1.624,
    "beta": 2.103,
    "f_ref_kHz": 100,
    "B_ref_T": 0.1,
    "catalog_a": 53.71,
    "catalog_b": 2.103,
    "catalog_c": 1.624,
    "catalog_source": "Magnetics 2025 Powder Core Catalog, pp.108-109, Toroid coefficients",
    "catalog_note": "P = a*B^b*f^c (mW/cm3, Tesla, kHz). Pv_ref is derived at f_ref=100kHz, B_ref=0.1T."
  },
  "dc_bias_catalog": {
    "formula": "mu_pct = 1 / (a + b * H^c)  [H in Oersteds, result 0-100]",
    "use": "material_ranking_only_not_design_calc",
    "source": "Magnetics 2025 Catalog p.63 + material bulletins",
    "note": "Toroid \u2014 small-signal differential permeability. Use for ranking only.",
    "a": 0.01,
    "b": 4.913e-06,
    "c": 2.43
  },
  "alloy": "FeNiMo",
  "curie_temp_C": 460,
  "max_freq_60u_MHz": 6.0
}