{
  "material_key": "xflux_ultra_40",
  "material_line": "XFlux Ultra",
  "mu_initial": 40,
  "supplier": "Magnetics Inc",
  "type": "powder",
  "description": "XFlux Ultra powder core, permeability 40",
  "basic": {
    "Bsat_T": 1.6,
    "temp_coeff_ppm_per_C": 60,
    "AL_tolerance_pct": 8,
    "data_source": "Magnetics Inc 2025 catalog + published DC bias curves. Sigmoid model calibrated: edge_60 k(137Oe)=0.435 (Step 13 reference)."
  },
  "Bsat_25C_T": 1.6,
  "Bsat_100C_T": 1.548,
  "Bsat_150C_T": 1.513,
  "Bsat_Tcoeff": -0.0007,
  "dc_bias_rolloff": {
    "H_Oe": [
      0,
      5,
      10,
      15,
      20,
      30,
      40,
      50,
      60,
      70,
      80,
      90,
      100,
      110,
      120,
      130,
      140,
      150,
      160,
      180,
      200,
      225,
      250,
      300,
      400,
      500
    ],
    "mu_pct": [
      100.0,
      99.9,
      99.56,
      98.94,
      98.02,
      95.31,
      91.52,
      86.85,
      81.55,
      75.9,
      70.13,
      64.44,
      58.97,
      53.82,
      49.04,
      44.66,
      40.67,
      37.07,
      33.82,
      28.28,
      23.83,
      19.44,
      16.07,
      11.36,
      6.37,
      4.0
    ]
  },
  "dc_bias_H50_Oe": 117.9,
  "dc_bias_n": 2.2,
  "dc_bias_summary": {
    "H50_Oe": 117.9,
    "k_at_50Oe": 0.868,
    "k_at_100Oe": 0.59,
    "k_at_150Oe": 0.371,
    "k_at_200Oe": 0.238
  },
  "core_loss_surface_25C": {
    "T_C": 25,
    "f_kHz": [
      10,
      25,
      50,
      70,
      100,
      200,
      300,
      500,
      1000
    ],
    "B_pk_T": [
      0.005,
      0.01,
      0.02,
      0.05,
      0.1,
      0.15,
      0.2,
      0.3,
      0.5
    ],
    "Pv_kW_m3": [
      [
        0.19242,
        0.57252,
        1.30621,
        1.94942,
        2.98016,
        6.79931,
        11.01573,
        20.23082,
        46.15716
      ],
      [
        0.7777,
        2.314,
        5.27945,
        7.87918,
        12.04522,
        27.48149,
        44.52345,
        81.76903,
        186.55829
      ],
      [
        3.14333,
        9.35273,
        21.33852,
        31.84613,
        48.68442,
        111.07484,
        179.95516,
        330.49455,
        754.03239
      ],
      [
        19.9177,
        59.26356,
        135.21143,
        201.79285,
        308.4886,
        703.8252,
        1140.285,
        2094.17718,
        4777.92267
      ],
      [
        80.50346,
        239.53179,
        546.49836,
        815.60753,
        1246.851,
        2844.72476,
        4608.81049,
        8464.25742,
        19311.4355
      ],
      [
        182.23779,
        542.23439,
        1237.12263,
        1846.31209,
        2822.52921,
        6439.67782,
        10433.08482,
        19160.76084,
        43715.80146
      ],
      [
        325.37936,
        968.14099,
        2208.84023,
        3296.52723,
        5039.52959,
        11497.82499,
        18627.91692,
        34210.88463,
        78053.07174
      ],
      [
        736.56976,
        2191.60608,
        5000.20939,
        7462.43487,
        11408.11489,
        26027.92706,
        42168.50258,
        77444.07402,
        176690.77929
      ],
      [
        2061.76478,
        6134.62086,
        13996.30577,
        20888.42929,
        31932.95557,
        72855.9141,
        118035.70812,
        216777.10986,
        494582.92271
      ]
    ],
    "note": "kW/m3. Computed from steinmetz_25C catalog coefficients."
  },
  "loss_100C_kWm3_100kHz_100mT": 1246.9,
  "topology_applicability": {
    "boost_pfc": "good",
    "buck": "ok",
    "flyback": "ok",
    "llc": "poor"
  },
  "data_quality": "steinmetz_fitted_to_datasheet",
  "data_source": "Magnetics Inc. XFlux Ultra \u00b540. Corrected 2026-05 from published 'Powder Core Comparison: Core Loss vs DC Bias' graph (100kHz, 1000G). Pv_ref=768.4 kW/m\u00b3 at \u00b5=40. DC bias H50%@\u00b5=60 \u2248 180 Oe.",
  "steinmetz_25C": {
    "Pv_ref_kW_m3": 1246.851,
    "alpha": 1.19,
    "beta": 2.015,
    "f_ref_kHz": 100,
    "B_ref_T": 0.1,
    "catalog_a": 538.04,
    "catalog_b": 2.015,
    "catalog_c": 1.19,
    "catalog_source": "Magnetics XFlux Ultra Bulletin (2023)",
    "catalog_note": "Toroid 40\u00b5 \u2014 from material bulletin, NOT fallback."
  },
  "dc_bias_catalog": {
    "formula": "mu_pct = 1 / (a + b * H^c)  [H in Oersteds, result 0-100]",
    "use": "material_ranking_only_not_design_calc",
    "source": "Magnetics 2025 Catalog p.63 + material bulletins",
    "note": "Toroid \u2014 small-signal differential permeability. Use for ranking only.",
    "a": 0.01,
    "b": 1.843e-08,
    "c": 2.358
  },
  "alloy": "FeSi",
  "curie_temp_C": 700,
  "max_freq_60u_MHz": 2.0
}