{
  "material_key": "xflux_40",
  "material_line": "XFlux",
  "mu_initial": 40,
  "supplier": "Magnetics Inc",
  "type": "powder",
  "description": "XFlux powder core, permeability 40",
  "basic": {
    "Bsat_T": 1.6,
    "temp_coeff_ppm_per_C": 70,
    "AL_tolerance_pct": 8,
    "data_source": "Magnetics Inc 2025 catalog + published DC bias curves. Sigmoid model calibrated: edge_60 k(137Oe)=0.435 (Step 13 reference)."
  },
  "Bsat_25C_T": 1.6,
  "Bsat_100C_T": 1.548,
  "Bsat_150C_T": 1.513,
  "Bsat_Tcoeff": -0.0007,
  "dc_bias_rolloff": {
    "H_Oe": [
      0,
      5,
      10,
      15,
      20,
      30,
      40,
      50,
      60,
      70,
      80,
      90,
      100,
      110,
      120,
      130,
      140,
      150,
      160,
      180,
      200,
      225,
      250,
      300,
      400,
      500
    ],
    "mu_pct": [
      100.0,
      99.91,
      99.59,
      99.02,
      98.16,
      95.63,
      92.08,
      87.68,
      82.65,
      77.24,
      71.67,
      66.13,
      60.76,
      55.66,
      50.9,
      46.51,
      42.48,
      38.82,
      35.51,
      29.82,
      25.21,
      20.64,
      17.1,
      12.13,
      6.83,
      4.3
    ]
  },
  "dc_bias_H50_Oe": 122.0,
  "dc_bias_n": 2.2,
  "core_loss_surface_25C": {
    "T_C": 25,
    "f_kHz": [
      10,
      25,
      50,
      70,
      100,
      200,
      300,
      500,
      1000
    ],
    "B_pk_T": [
      0.005,
      0.01,
      0.02,
      0.05,
      0.1,
      0.15,
      0.2,
      0.3,
      0.5
    ],
    "Pv_kW_m3": [
      [
        0.22739,
        0.67906,
        1.55359,
        2.32173,
        3.55439,
        8.13195,
        13.19617,
        24.28484,
        55.56037
      ],
      [
        0.91905,
        2.74461,
        6.27929,
        9.38399,
        14.36616,
        32.86778,
        53.33635,
        98.15462,
        224.56422
      ],
      [
        3.71463,
        11.09319,
        25.37968,
        37.92827,
        58.06521,
        132.84518,
        215.57519,
        396.7219,
        907.64495
      ],
      [
        23.53776,
        70.29193,
        160.81824,
        240.33232,
        367.92993,
        841.77287,
        1365.99116,
        2513.82648,
        5751.28795
      ],
      [
        95.13505,
        284.10634,
        649.99608,
        971.37655,
        1487.1013,
        3402.28247,
        5521.07099,
        10160.39842,
        23245.58891
      ],
      [
        215.3597,
        643.13895,
        1471.41312,
        2198.93048,
        3366.39009,
        7701.83579,
        12498.19276,
        23000.35957,
        52621.64741
      ],
      [
        384.5174,
        1148.30264,
        2627.15792,
        3926.11534,
        6010.57464,
        13751.36499,
        22315.09668,
        41066.35714,
        93954.15577
      ],
      [
        870.44209,
        2599.44272,
        5947.16608,
        8887.64995,
        13606.29496,
        31129.32448,
        50515.2678,
        92962.98638,
        212686.47896
      ],
      [
        2436.49269,
        7276.21431,
        16646.97385,
        24877.81144,
        38085.97798,
        87135.45972,
        141399.50534,
        260216.77923,
        595340.06702
      ]
    ],
    "note": "kW/m3. Computed from steinmetz_25C catalog coefficients."
  },
  "dc_bias_summary": {
    "H50_Oe": 122.0,
    "k_at_50Oe": 0.877,
    "k_at_100Oe": 0.608,
    "k_at_150Oe": 0.388,
    "k_at_200Oe": 0.252
  },
  "loss_100C_kWm3_100kHz_100mT": 1487.1,
  "topology_applicability": {
    "boost_pfc": "ok",
    "buck": "ok",
    "flyback": "ok",
    "llc": "poor"
  },
  "data_quality": "steinmetz_fitted_to_datasheet",
  "steinmetz_25C": {
    "Pv_ref_kW_m3": 1487.1013,
    "alpha": 1.194,
    "beta": 2.015,
    "f_ref_kHz": 100,
    "B_ref_T": 0.1,
    "catalog_a": 630.0,
    "catalog_b": 2.015,
    "catalog_c": 1.194,
    "catalog_source": "Magnetics 2025 Powder Core Catalog, pp.108-109, Toroid coefficients",
    "catalog_note": "P = a*B^b*f^c (mW/cm3, Tesla, kHz). Pv_ref is derived at f_ref=100kHz, B_ref=0.1T."
  },
  "dc_bias_catalog": {
    "formula": "mu_pct = 1 / (a + b * H^c)  [H in Oersteds, result 0-100]",
    "use": "material_ranking_only_not_design_calc",
    "source": "Magnetics 2025 Catalog p.63 + material bulletins",
    "note": "Toroid \u2014 small-signal differential permeability. Use for ranking only.",
    "a": 0.01,
    "b": 1.843e-08,
    "c": 2.358
  },
  "alloy": "FeSi",
  "curie_temp_C": 700,
  "max_freq_60u_MHz": 1.5
}