{
  "material_key": "xflux_ultra_26",
  "material_line": "XFlux Ultra",
  "mu_initial": 26,
  "supplier": "Magnetics Inc",
  "type": "powder",
  "description": "XFlux Ultra powder core, permeability 26",
  "basic": {
    "Bsat_T": 1.6,
    "temp_coeff_ppm_per_C": 60,
    "AL_tolerance_pct": 8,
    "data_source": "Magnetics Inc 2025 catalog + published DC bias curves. Sigmoid model calibrated: edge_60 k(137Oe)=0.435 (Step 13 reference)."
  },
  "Bsat_25C_T": 1.6,
  "Bsat_100C_T": 1.548,
  "Bsat_150C_T": 1.513,
  "Bsat_Tcoeff": -0.0007,
  "dc_bias_rolloff": {
    "H_Oe": [
      0,
      5,
      10,
      15,
      20,
      30,
      40,
      50,
      60,
      70,
      80,
      90,
      100,
      110,
      120,
      130,
      140,
      150,
      160,
      180,
      200,
      225,
      250,
      300,
      400,
      500
    ],
    "mu_pct": [
      100.0,
      99.95,
      99.78,
      99.48,
      99.02,
      97.64,
      95.64,
      93.08,
      90.0,
      86.51,
      82.7,
      78.67,
      74.52,
      70.34,
      66.2,
      62.16,
      58.25,
      54.52,
      50.99,
      44.53,
      38.9,
      32.95,
      28.04,
      20.69,
      12.17,
      7.82
    ]
  },
  "dc_bias_H50_Oe": 162.9,
  "dc_bias_n": 2.2,
  "core_loss_surface_25C": {
    "T_C": 25,
    "f_kHz": [
      10,
      25,
      50,
      70,
      100,
      200,
      300,
      500,
      1000
    ],
    "B_pk_T": [
      0.005,
      0.01,
      0.02,
      0.05,
      0.1,
      0.15,
      0.2,
      0.3,
      0.5
    ],
    "Pv_kW_m3": [
      [
        0.14435,
        0.44799,
        1.05522,
        1.5994,
        2.48551,
        5.85448,
        9.66355,
        18.16945,
        42.79716
      ],
      [
        0.58343,
        1.81069,
        4.26498,
        6.46445,
        10.04594,
        23.66265,
        39.0582,
        73.4374,
        172.9778
      ],
      [
        2.35812,
        7.31846,
        17.23823,
        26.12805,
        40.60372,
        95.63985,
        157.86566,
        296.81971,
        699.14267
      ],
      [
        14.94221,
        46.37338,
        109.22998,
        165.56026,
        257.28527,
        606.02146,
        1000.31504,
        1880.79669,
        4430.11424
      ],
      [
        60.39352,
        187.43221,
        441.48636,
        669.16242,
        1039.8971,
        2449.42103,
        4043.0791,
        7601.81493,
        17905.66138
      ],
      [
        136.7144,
        424.29519,
        999.40422,
        1514.80047,
        2354.04225,
        5544.81842,
        9152.42387,
        17208.42722,
        40533.51382
      ],
      [
        244.09889,
        757.56458,
        1784.40213,
        2704.62455,
        4203.06212,
        9900.08408,
        16341.34049,
        30725.05958,
        72371.20576
      ],
      [
        552.57304,
        1714.91874,
        4039.39776,
        6122.52931,
        9514.5816,
        22411.07918,
        36992.31974,
        69553.12071,
        163828.5907
      ],
      [
        1546.73148,
        4800.30438,
        11306.85574,
        17137.84076,
        26632.68337,
        62731.8363,
        103546.82732,
        194689.19579,
        458579.80555
      ]
    ],
    "note": "kW/m3. Computed from steinmetz_25C catalog coefficients."
  },
  "dc_bias_summary": {
    "H50_Oe": 162.9,
    "k_at_50Oe": 0.931,
    "k_at_100Oe": 0.745,
    "k_at_150Oe": 0.545,
    "k_at_200Oe": 0.389
  },
  "loss_100C_kWm3_100kHz_100mT": 1039.9,
  "topology_applicability": {
    "boost_pfc": "good",
    "buck": "ok",
    "flyback": "ok",
    "llc": "poor"
  },
  "data_quality": "steinmetz_fitted_to_datasheet",
  "steinmetz_25C": {
    "Pv_ref_kW_m3": 1039.8971,
    "alpha": 1.236,
    "beta": 2.015,
    "f_ref_kHz": 100,
    "B_ref_T": 0.1,
    "catalog_a": 363.07,
    "catalog_b": 2.015,
    "catalog_c": 1.236,
    "catalog_source": "Magnetics 2025 Powder Core Catalog, pp.108-109, Toroid coefficients",
    "catalog_note": "P = a*B^b*f^c (mW/cm3, Tesla, kHz). Pv_ref is derived at f_ref=100kHz, B_ref=0.1T."
  },
  "dc_bias_catalog": {
    "formula": "mu_pct = 1 / (a + b * H^c)  [H in Oersteds, result 0-100]",
    "use": "material_ranking_only_not_design_calc",
    "source": "Magnetics 2025 Catalog p.63 + material bulletins",
    "note": "Toroid \u2014 small-signal differential permeability. Use for ranking only.",
    "a": 0.01,
    "b": 2.699e-09,
    "c": 2.454
  },
  "alloy": "FeSi",
  "curie_temp_C": 700,
  "max_freq_60u_MHz": 2.0
}