{
  "material_key": "xflux_ultra_60",
  "material_line": "XFlux Ultra",
  "mu_initial": 60,
  "supplier": "Magnetics Inc",
  "type": "powder",
  "description": "XFlux Ultra powder core, permeability 60",
  "basic": {
    "Bsat_T": 1.6,
    "temp_coeff_ppm_per_C": 60,
    "AL_tolerance_pct": 8,
    "data_source": "Magnetics Inc 2025 catalog + published DC bias curves. Sigmoid model calibrated: edge_60 k(137Oe)=0.435 (Step 13 reference)."
  },
  "Bsat_25C_T": 1.6,
  "Bsat_100C_T": 1.548,
  "Bsat_150C_T": 1.513,
  "Bsat_Tcoeff": -0.0007,
  "dc_bias_rolloff": {
    "H_Oe": [
      0,
      5,
      10,
      15,
      20,
      30,
      40,
      50,
      60,
      70,
      80,
      90,
      100,
      110,
      120,
      130,
      140,
      150,
      160,
      180,
      200,
      225,
      250,
      300,
      400,
      500
    ],
    "mu_pct": [
      100.0,
      99.81,
      99.15,
      97.95,
      96.21,
      91.23,
      84.68,
      77.18,
      69.37,
      61.73,
      54.6,
      48.14,
      42.4,
      37.38,
      33.02,
      29.24,
      25.99,
      23.18,
      20.74,
      16.81,
      13.81,
      11.0,
      8.93,
      6.16,
      3.37,
      2.09
    ]
  },
  "dc_bias_H50_Oe": 87.0,
  "dc_bias_n": 2.2,
  "core_loss_surface_25C": {
    "T_C": 25,
    "f_kHz": [
      10,
      25,
      50,
      70,
      100,
      200,
      300,
      500,
      1000
    ],
    "B_pk_T": [
      0.005,
      0.01,
      0.02,
      0.05,
      0.1,
      0.15,
      0.2,
      0.3,
      0.5
    ],
    "Pv_kW_m3": [
      [
        0.13874,
        0.43059,
        1.01424,
        1.53728,
        2.38898,
        5.62711,
        9.28826,
        17.46383,
        41.13511
      ],
      [
        0.56077,
        1.74037,
        4.09935,
        6.2134,
        9.6558,
        22.7437,
        37.54136,
        70.58542,
        166.26012
      ],
      [
        2.26654,
        7.03424,
        16.56878,
        25.11335,
        39.02685,
        91.92563,
        151.73488,
        285.29257,
        671.99113
      ],
      [
        14.36193,
        44.57245,
        104.98798,
        159.13065,
        247.29348,
        582.48632,
        961.46732,
        1807.75505,
        4258.06864
      ],
      [
        58.04811,
        180.15319,
        424.34103,
        643.17518,
        999.5122,
        2354.29659,
        3886.06419,
        7306.59482,
        17210.28647
      ],
      [
        131.40503,
        407.81748,
        960.59188,
        1455.97247,
        2262.6219,
        5329.48275,
        8796.98512,
        16540.12974,
        38959.37548
      ],
      [
        234.6192,
        728.14419,
        1715.10402,
        2599.58917,
        4039.83419,
        9515.60959,
        15706.71674,
        29531.83723,
        69560.63545
      ],
      [
        531.11361,
        1648.31905,
        3882.52582,
        5884.75796,
        9145.07829,
        21540.73423,
        35555.70535,
        66851.99208,
        157466.22922
      ],
      [
        1486.66343,
        4613.88227,
        10867.7486,
        16472.28454,
        25598.3904,
        60295.6155,
        99525.53688,
        187128.34799,
        440770.64001
      ]
    ],
    "note": "kW/m3. Computed from steinmetz_25C catalog coefficients."
  },
  "dc_bias_summary": {
    "H50_Oe": 87.0,
    "k_at_50Oe": 0.772,
    "k_at_100Oe": 0.424,
    "k_at_150Oe": 0.232,
    "k_at_200Oe": 0.138
  },
  "loss_100C_kWm3_100kHz_100mT": 999.5,
  "topology_applicability": {
    "boost_pfc": "good",
    "buck": "ok",
    "flyback": "ok",
    "llc": "poor"
  },
  "data_quality": "steinmetz_fitted_to_datasheet",
  "steinmetz_25C": {
    "Pv_ref_kW_m3": 999.5122,
    "alpha": 1.236,
    "beta": 2.015,
    "f_ref_kHz": 100,
    "B_ref_T": 0.1,
    "catalog_a": 348.97,
    "catalog_b": 2.015,
    "catalog_c": 1.236,
    "catalog_source": "Magnetics 2025 Powder Core Catalog, pp.108-109, Toroid coefficients",
    "catalog_note": "P = a*B^b*f^c (mW/cm3, Tesla, kHz). Pv_ref is derived at f_ref=100kHz, B_ref=0.1T."
  },
  "dc_bias_catalog": {
    "formula": "mu_pct = 1 / (a + b * H^c)  [H in Oersteds, result 0-100]",
    "use": "material_ranking_only_not_design_calc",
    "source": "Magnetics 2025 Catalog p.63 + material bulletins",
    "note": "Toroid \u2014 small-signal differential permeability. Use for ranking only.",
    "a": 0.01,
    "b": 4.483e-09,
    "c": 2.815
  },
  "alloy": "FeSi",
  "curie_temp_C": 700,
  "max_freq_60u_MHz": 2.0
}