{
  "material_key": "xflux_60",
  "material_line": "XFlux",
  "mu_initial": 60,
  "supplier": "Magnetics Inc",
  "type": "powder",
  "description": "XFlux powder core, permeability 60",
  "basic": {
    "Bsat_T": 1.6,
    "temp_coeff_ppm_per_C": 70,
    "AL_tolerance_pct": 8,
    "data_source": "Magnetics Inc 2025 catalog + published DC bias curves. Sigmoid model calibrated: edge_60 k(137Oe)=0.435 (Step 13 reference)."
  },
  "Bsat_25C_T": 1.6,
  "Bsat_100C_T": 1.548,
  "Bsat_150C_T": 1.513,
  "Bsat_Tcoeff": -0.0007,
  "dc_bias_rolloff": {
    "H_Oe": [
      0,
      5,
      10,
      15,
      20,
      30,
      40,
      50,
      60,
      70,
      80,
      90,
      100,
      110,
      120,
      130,
      140,
      150,
      160,
      180,
      200,
      225,
      250,
      300,
      400,
      500
    ],
    "mu_pct": [
      100.0,
      99.83,
      99.21,
      98.1,
      96.47,
      91.81,
      85.62,
      78.47,
      70.93,
      63.48,
      56.44,
      50.0,
      44.23,
      39.14,
      34.69,
      30.81,
      27.45,
      24.53,
      22.0,
      17.87,
      14.72,
      11.75,
      9.56,
      6.61,
      3.62,
      2.25
    ]
  },
  "dc_bias_H50_Oe": 90.0,
  "dc_bias_n": 2.2,
  "core_loss_surface_25C": {
    "T_C": 25,
    "f_kHz": [
      10,
      25,
      50,
      70,
      100,
      200,
      300,
      500,
      1000
    ],
    "B_pk_T": [
      0.005,
      0.01,
      0.02,
      0.05,
      0.1,
      0.15,
      0.2,
      0.3,
      0.5
    ],
    "Pv_kW_m3": [
      [
        0.20115,
        0.60071,
        1.37433,
        2.05385,
        3.14428,
        7.19368,
        11.67358,
        21.48283,
        49.14976
      ],
      [
        0.81301,
        2.42794,
        5.55478,
        8.30126,
        12.70857,
        29.07546,
        47.18235,
        86.82944,
        198.65378
      ],
      [
        3.28604,
        9.81324,
        22.45135,
        33.55207,
        51.36559,
        117.51738,
        190.70191,
        350.94774,
        802.91999
      ],
      [
        20.82195,
        62.18158,
        142.26287,
        212.60254,
        325.47781,
        744.6483,
        1208.38177,
        2223.77873,
        5087.69873
      ],
      [
        84.15828,
        251.32587,
        574.9989,
        859.29817,
        1315.5181,
        3009.7238,
        4884.04443,
        8988.08173,
        20563.49017
      ],
      [
        190.51129,
        568.93295,
        1301.64004,
        1945.21574,
        2977.97272,
        6813.19046,
        11056.13907,
        20346.55562,
        46550.11035
      ],
      [
        340.1514,
        1015.81036,
        2324.03388,
        3473.11632,
        5317.06867,
        12164.71907,
        19740.35903,
        36328.08075,
        83113.63354
      ],
      [
        770.00963,
        2299.51648,
        5260.97625,
        7862.18422,
        12036.38736,
        27537.59262,
        44686.76688,
        82236.82624,
        188146.50535
      ],
      [
        2155.36778,
        6436.6776,
        14726.22975,
        22007.38527,
        33691.58066,
        77081.6853,
        125084.69235,
        230192.71317,
        526649.1488
      ]
    ],
    "note": "kW/m3. Computed from steinmetz_25C catalog coefficients."
  },
  "dc_bias_summary": {
    "H50_Oe": 90.0,
    "k_at_50Oe": 0.785,
    "k_at_100Oe": 0.442,
    "k_at_150Oe": 0.245,
    "k_at_200Oe": 0.147
  },
  "loss_100C_kWm3_100kHz_100mT": 1315.5,
  "topology_applicability": {
    "boost_pfc": "ok",
    "buck": "ok",
    "flyback": "ok",
    "llc": "poor"
  },
  "data_quality": "steinmetz_fitted_to_datasheet",
  "steinmetz_25C": {
    "Pv_ref_kW_m3": 1315.5181,
    "alpha": 1.194,
    "beta": 2.015,
    "f_ref_kHz": 100,
    "B_ref_T": 0.1,
    "catalog_a": 557.31,
    "catalog_b": 2.015,
    "catalog_c": 1.194,
    "catalog_source": "Magnetics 2025 Powder Core Catalog, pp.108-109, Toroid coefficients",
    "catalog_note": "P = a*B^b*f^c (mW/cm3, Tesla, kHz). Pv_ref is derived at f_ref=100kHz, B_ref=0.1T."
  },
  "dc_bias_catalog": {
    "formula": "mu_pct = 1 / (a + b * H^c)  [H in Oersteds, result 0-100]",
    "use": "material_ranking_only_not_design_calc",
    "source": "Magnetics 2025 Catalog p.63 + material bulletins",
    "note": "Toroid \u2014 small-signal differential permeability. Use for ranking only.",
    "a": 0.01,
    "b": 1.489e-08,
    "c": 2.613
  },
  "alloy": "FeSi",
  "curie_temp_C": 700,
  "max_freq_60u_MHz": 1.5
}