{
  "material_key": "xflux_26",
  "material_line": "XFlux",
  "mu_initial": 26,
  "supplier": "Magnetics Inc",
  "type": "powder",
  "description": "XFlux powder core, permeability 26",
  "basic": {
    "Bsat_T": 1.6,
    "temp_coeff_ppm_per_C": 70,
    "AL_tolerance_pct": 8,
    "data_source": "Magnetics Inc 2025 catalog + published DC bias curves. Sigmoid model calibrated: edge_60 k(137Oe)=0.435 (Step 13 reference)."
  },
  "Bsat_25C_T": 1.6,
  "Bsat_100C_T": 1.548,
  "Bsat_150C_T": 1.513,
  "Bsat_Tcoeff": -0.0007,
  "dc_bias_rolloff": {
    "H_Oe": [
      0,
      5,
      10,
      15,
      20,
      30,
      40,
      50,
      60,
      70,
      80,
      90,
      100,
      110,
      120,
      130,
      140,
      150,
      160,
      180,
      200,
      225,
      250,
      300,
      400,
      500
    ],
    "mu_pct": [
      100.0,
      99.96,
      99.8,
      99.51,
      99.09,
      97.8,
      95.95,
      93.54,
      90.65,
      87.35,
      83.74,
      79.9,
      75.91,
      71.88,
      67.85,
      63.9,
      60.06,
      56.37,
      52.85,
      46.38,
      40.69,
      34.61,
      29.57,
      21.94,
      12.99,
      8.37
    ]
  },
  "dc_bias_H50_Oe": 168.5,
  "dc_bias_n": 2.2,
  "core_loss_surface_25C": {
    "T_C": 25,
    "f_kHz": [
      10,
      25,
      50,
      70,
      100,
      200,
      300,
      500,
      1000
    ],
    "B_pk_T": [
      0.005,
      0.01,
      0.02,
      0.05,
      0.1,
      0.15,
      0.2,
      0.3,
      0.5
    ],
    "Pv_kW_m3": [
      [
        0.2099,
        0.62682,
        1.43408,
        2.14314,
        3.28098,
        7.50644,
        12.18111,
        22.41684,
        51.28663
      ],
      [
        0.84836,
        2.53349,
        5.79629,
        8.66217,
        13.2611,
        30.33957,
        49.23369,
        90.6045,
        207.29059
      ],
      [
        3.4289,
        10.23989,
        23.42746,
        35.0108,
        53.5988,
        122.62664,
        198.993,
        366.2058,
        837.82831
      ],
      [
        21.72722,
        64.88503,
        148.44799,
        221.8458,
        339.62852,
        777.02316,
        1260.91823,
        2320.46131,
        5308.89514
      ],
      [
        87.8172,
        262.25269,
        599.99796,
        896.65763,
        1372.7125,
        3140.57669,
        5096.38662,
        9378.85396,
        21457.52308
      ],
      [
        198.79409,
        593.66828,
        1358.23107,
        2029.78732,
        3107.44518,
        7109.40557,
        11536.82363,
        21231.15694,
        48573.95604
      ],
      [
        354.94007,
        1059.97446,
        2425.07523,
        3624.116,
        5548.23732,
        12693.60105,
        20598.60491,
        37907.50622,
        86727.14095
      ],
      [
        803.48712,
        2399.49189,
        5489.70619,
        8204.00613,
        12559.6899,
        28734.83658,
        46629.60052,
        85812.21295,
        196326.49655
      ],
      [
        2249.07608,
        6716.52317,
        15366.47778,
        22964.19399,
        35156.37977,
        80432.94344,
        130522.96334,
        240200.73519,
        549546.12154
      ]
    ],
    "note": "kW/m3. Computed from steinmetz_25C catalog coefficients."
  },
  "dc_bias_summary": {
    "H50_Oe": 168.5,
    "k_at_50Oe": 0.935,
    "k_at_100Oe": 0.759,
    "k_at_150Oe": 0.564,
    "k_at_200Oe": 0.407
  },
  "loss_100C_kWm3_100kHz_100mT": 1372.7,
  "topology_applicability": {
    "boost_pfc": "ok",
    "buck": "ok",
    "flyback": "ok",
    "llc": "poor"
  },
  "data_quality": "steinmetz_fitted_to_datasheet",
  "steinmetz_25C": {
    "Pv_ref_kW_m3": 1372.7125,
    "alpha": 1.194,
    "beta": 2.015,
    "f_ref_kHz": 100,
    "B_ref_T": 0.1,
    "catalog_a": 581.54,
    "catalog_b": 2.015,
    "catalog_c": 1.194,
    "catalog_source": "Magnetics 2025 Powder Core Catalog, pp.108-109, Toroid coefficients",
    "catalog_note": "P = a*B^b*f^c (mW/cm3, Tesla, kHz). Pv_ref is derived at f_ref=100kHz, B_ref=0.1T."
  },
  "dc_bias_catalog": {
    "formula": "mu_pct = 1 / (a + b * H^c)  [H in Oersteds, result 0-100]",
    "use": "material_ranking_only_not_design_calc",
    "source": "Magnetics 2025 Catalog p.63 + material bulletins",
    "note": "Toroid \u2014 small-signal differential permeability. Use for ranking only.",
    "a": 0.01,
    "b": 6.304e-10,
    "c": 2.714
  },
  "alloy": "FeSi",
  "curie_temp_C": 700,
  "max_freq_60u_MHz": 1.5
}