{
  "material_key": "xflux_125",
  "material_line": "XFlux",
  "mu_initial": 125,
  "supplier": "Magnetics Inc",
  "type": "powder",
  "description": "XFlux powder core, permeability 125",
  "basic": {
    "Bsat_T": 1.6,
    "temp_coeff_ppm_per_C": 70,
    "AL_tolerance_pct": 8,
    "data_source": "Magnetics Inc 2025 catalog + published DC bias curves. Sigmoid model calibrated: edge_60 k(137Oe)=0.435 (Step 13 reference)."
  },
  "Bsat_25C_T": 1.6,
  "Bsat_100C_T": 1.548,
  "Bsat_150C_T": 1.513,
  "Bsat_Tcoeff": -0.0007,
  "dc_bias_rolloff": {
    "H_Oe": [
      0,
      5,
      10,
      15,
      20,
      30,
      40,
      50,
      60,
      70,
      80,
      90,
      100,
      110,
      120,
      130,
      140,
      150,
      160,
      180,
      200,
      225,
      250,
      300,
      400,
      500
    ],
    "mu_pct": [
      100.0,
      99.42,
      97.4,
      93.88,
      89.07,
      76.96,
      63.95,
      52.05,
      42.09,
      34.12,
      27.85,
      22.95,
      19.11,
      16.08,
      13.66,
      11.71,
      10.13,
      8.83,
      7.75,
      6.09,
      4.89,
      3.82,
      3.05,
      2.06,
      1.11,
      0.68
    ]
  },
  "dc_bias_H50_Oe": 51.9,
  "dc_bias_n": 2.2,
  "core_loss_surface_25C": {
    "T_C": 25,
    "f_kHz": [
      10,
      25,
      50,
      70,
      100,
      200,
      300,
      500,
      1000
    ],
    "B_pk_T": [
      0.005,
      0.01,
      0.02,
      0.05,
      0.1,
      0.15,
      0.2,
      0.3,
      0.5
    ],
    "Pv_kW_m3": [
      [
        0.19241,
        0.57459,
        1.31458,
        1.96455,
        3.00758,
        6.88092,
        11.16605,
        20.54883,
        47.01289
      ],
      [
        0.77766,
        2.32238,
        5.31328,
        7.94035,
        12.15605,
        27.81136,
        45.13102,
        83.05438,
        190.01696
      ],
      [
        3.14317,
        9.3866,
        21.47524,
        32.09334,
        49.13238,
        112.40811,
        182.41082,
        335.68969,
        768.01167
      ],
      [
        19.91668,
        59.47813,
        136.07775,
        203.35928,
        311.32711,
        712.27344,
        1155.84531,
        2127.09614,
        4866.50232
      ],
      [
        80.49935,
        240.39905,
        549.99984,
        821.93871,
        1258.3237,
        2878.87091,
        4671.70224,
        8597.3095,
        19669.45725
      ],
      [
        182.22848,
        544.19761,
        1245.04901,
        1860.64416,
        2848.50026,
        6516.97535,
        10575.45451,
        19461.95431,
        44526.26466
      ],
      [
        325.36274,
        971.64627,
        2222.99253,
        3322.11665,
        5085.90001,
        11635.8371,
        18882.11315,
        34748.65529,
        79500.12613
      ],
      [
        736.53214,
        2199.54107,
        5032.24631,
        7520.36231,
        11513.08483,
        26340.34867,
        42743.93324,
        78661.43953,
        179966.51415
      ],
      [
        2061.65948,
        6156.83203,
        14085.98172,
        21050.57654,
        32226.78155,
        73730.42716,
        119646.42135,
        220184.69115,
        503752.17606
      ]
    ],
    "note": "kW/m3. Computed from steinmetz_25C catalog coefficients."
  },
  "dc_bias_summary": {
    "H50_Oe": 51.9,
    "k_at_50Oe": 0.521,
    "k_at_100Oe": 0.191,
    "k_at_150Oe": 0.088,
    "k_at_200Oe": 0.049
  },
  "loss_100C_kWm3_100kHz_100mT": 1258.3,
  "topology_applicability": {
    "boost_pfc": "ok",
    "buck": "ok",
    "flyback": "ok",
    "llc": "poor"
  },
  "data_quality": "steinmetz_fitted_to_datasheet",
  "steinmetz_25C": {
    "Pv_ref_kW_m3": 1258.3237,
    "alpha": 1.194,
    "beta": 2.015,
    "f_ref_kHz": 100,
    "B_ref_T": 0.1,
    "catalog_a": 533.08,
    "catalog_b": 2.015,
    "catalog_c": 1.194,
    "catalog_source": "Magnetics 2025 Powder Core Catalog, pp.108-109, Toroid coefficients",
    "catalog_note": "P = a*B^b*f^c (mW/cm3, Tesla, kHz). Pv_ref is derived at f_ref=100kHz, B_ref=0.1T."
  },
  "dc_bias_catalog": {
    "formula": "mu_pct = 1 / (a + b * H^c)  [H in Oersteds, result 0-100]",
    "use": "material_ranking_only_not_design_calc",
    "source": "Magnetics 2025 Catalog p.63 + material bulletins",
    "note": "Toroid \u2014 small-signal differential permeability. Use for ranking only.",
    "a": 0.01,
    "b": 2.687e-07,
    "c": 2.477
  },
  "alloy": "FeSi",
  "curie_temp_C": 700,
  "max_freq_60u_MHz": 1.5
}