{
  "material_key": "xflux_19",
  "material_line": "XFlux",
  "mu_initial": 19,
  "supplier": "Magnetics Inc",
  "type": "powder",
  "description": "XFlux powder core, permeability 19",
  "basic": {
    "Bsat_T": 1.6,
    "temp_coeff_ppm_per_C": 70,
    "AL_tolerance_pct": 8,
    "data_source": "Magnetics Inc 2025 catalog + published DC bias curves. Sigmoid model calibrated: edge_60 k(137Oe)=0.435 (Step 13 reference)."
  },
  "Bsat_25C_T": 1.6,
  "Bsat_100C_T": 1.548,
  "Bsat_150C_T": 1.513,
  "Bsat_Tcoeff": -0.0007,
  "dc_bias_rolloff": {
    "H_Oe": [
      0,
      5,
      10,
      15,
      20,
      30,
      40,
      50,
      60,
      70,
      80,
      90,
      100,
      110,
      120,
      130,
      140,
      150,
      160,
      180,
      200,
      225,
      250,
      300,
      400,
      500
    ],
    "mu_pct": [
      100.0,
      99.97,
      99.88,
      99.71,
      99.45,
      98.68,
      97.54,
      96.05,
      94.21,
      92.06,
      89.63,
      86.96,
      84.1,
      81.09,
      77.98,
      74.81,
      71.61,
      68.43,
      65.28,
      59.2,
      53.51,
      47.04,
      41.33,
      32.05,
      20.03,
      13.29
    ]
  },
  "dc_bias_H50_Oe": 213.2,
  "dc_bias_n": 2.2,
  "core_loss_surface_25C": {
    "T_C": 25,
    "f_kHz": [
      10,
      25,
      50,
      70,
      100,
      200,
      300,
      500,
      1000
    ],
    "B_pk_T": [
      0.005,
      0.01,
      0.02,
      0.05,
      0.1,
      0.15,
      0.2,
      0.3,
      0.5
    ],
    "Pv_kW_m3": [
      [
        0.18381,
        0.54892,
        1.25586,
        1.87681,
        2.87324,
        6.57359,
        10.66732,
        19.63102,
        44.91306
      ],
      [
        0.74293,
        2.21865,
        5.07596,
        7.58569,
        11.6131,
        26.56916,
        43.11524,
        79.34476,
        181.52986
      ],
      [
        3.00278,
        8.96735,
        20.51605,
        30.65989,
        46.93789,
        107.3874,
        174.26344,
        320.69612,
        733.70844
      ],
      [
        19.0271,
        56.82154,
        129.99984,
        194.27624,
        297.42169,
        680.45976,
        1104.2195,
        2032.08944,
        4649.14011
      ],
      [
        76.90385,
        229.66163,
        525.43411,
        785.22684,
        1202.1207,
        2750.2862,
        4463.04077,
        8213.31087,
        18790.92138
      ],
      [
        174.08925,
        519.89104,
        1189.43893,
        1777.53853,
        2721.27206,
        6225.89479,
        10103.10207,
        18592.68655,
        42537.50005
      ],
      [
        310.83042,
        928.24771,
        2123.70262,
        3173.73438,
        4858.7384,
        11116.12269,
        18038.74399,
        33196.60738,
        75949.25477
      ],
      [
        703.63495,
        2101.29861,
        4807.48114,
        7184.4655,
        10998.85315,
        25163.85759,
        40834.77641,
        75148.02809,
        171928.31381
      ],
      [
        1969.5755,
        5881.83727,
        13456.83166,
        20110.35301,
        30787.37307,
        70437.25927,
        114302.41661,
        210350.14683,
        481252.09635
      ]
    ],
    "note": "kW/m3. Computed from steinmetz_25C catalog coefficients."
  },
  "dc_bias_summary": {
    "H50_Oe": 213.2,
    "k_at_50Oe": 0.96,
    "k_at_100Oe": 0.841,
    "k_at_150Oe": 0.684,
    "k_at_200Oe": 0.535
  },
  "loss_100C_kWm3_100kHz_100mT": 1202.1,
  "topology_applicability": {
    "boost_pfc": "ok",
    "buck": "ok",
    "flyback": "ok",
    "llc": "poor"
  },
  "data_quality": "steinmetz_fitted_to_datasheet",
  "steinmetz_25C": {
    "Pv_ref_kW_m3": 1202.1207,
    "alpha": 1.194,
    "beta": 2.015,
    "f_ref_kHz": 100,
    "B_ref_T": 0.1,
    "catalog_a": 509.27,
    "catalog_b": 2.015,
    "catalog_c": 1.194,
    "catalog_source": "Magnetics 2025 Powder Core Catalog, pp.108-109, Toroid coefficients",
    "catalog_note": "P = a*B^b*f^c (mW/cm3, Tesla, kHz). Pv_ref is derived at f_ref=100kHz, B_ref=0.1T."
  },
  "dc_bias_catalog": {
    "formula": "mu_pct = 1 / (a + b * H^c)  [H in Oersteds, result 0-100]",
    "use": "material_ranking_only_not_design_calc",
    "source": "Magnetics 2025 Catalog p.63 + material bulletins",
    "note": "Toroid \u2014 small-signal differential permeability. Use for ranking only.",
    "a": 0.01,
    "b": 4.976e-09,
    "c": 2.236
  },
  "alloy": "FeSi",
  "curie_temp_C": 700,
  "max_freq_60u_MHz": 1.5
}