{
  "material_key": "xflux_90",
  "material_line": "XFlux",
  "mu_initial": 90,
  "supplier": "Magnetics Inc",
  "type": "powder",
  "description": "XFlux powder core, permeability 90",
  "basic": {
    "Bsat_T": 1.6,
    "temp_coeff_ppm_per_C": 70,
    "AL_tolerance_pct": 8,
    "data_source": "Magnetics Inc 2025 catalog + published DC bias curves. Sigmoid model calibrated: edge_60 k(137Oe)=0.435 (Step 13 reference)."
  },
  "Bsat_25C_T": 1.6,
  "Bsat_100C_T": 1.548,
  "Bsat_150C_T": 1.513,
  "Bsat_Tcoeff": -0.0007,
  "dc_bias_rolloff": {
    "H_Oe": [
      0,
      5,
      10,
      15,
      20,
      30,
      40,
      50,
      60,
      70,
      80,
      90,
      100,
      110,
      120,
      130,
      140,
      150,
      160,
      180,
      200,
      225,
      250,
      300,
      400,
      500
    ],
    "mu_pct": [
      100.0,
      99.66,
      98.47,
      96.35,
      93.34,
      85.17,
      75.31,
      65.12,
      55.55,
      47.1,
      39.89,
      33.87,
      28.89,
      24.78,
      21.38,
      18.57,
      16.23,
      14.27,
      12.62,
      10.03,
      8.12,
      6.39,
      5.13,
      3.5,
      1.89,
      1.16
    ]
  },
  "dc_bias_H50_Oe": 66.4,
  "dc_bias_n": 2.2,
  "core_loss_surface_25C": {
    "T_C": 25,
    "f_kHz": [
      10,
      25,
      50,
      70,
      100,
      200,
      300,
      500,
      1000
    ],
    "B_pk_T": [
      0.005,
      0.01,
      0.02,
      0.05,
      0.1,
      0.15,
      0.2,
      0.3,
      0.5
    ],
    "Pv_kW_m3": [
      [
        0.1959,
        0.58503,
        1.33848,
        2.00026,
        3.06225,
        7.006,
        11.36902,
        20.92236,
        47.86746
      ],
      [
        0.7918,
        2.36459,
        5.40986,
        8.08468,
        12.37701,
        28.3169,
        45.95139,
        84.5641,
        193.47099
      ],
      [
        3.2003,
        9.55722,
        21.8656,
        32.67671,
        50.02548,
        114.4514,
        185.72658,
        341.79167,
        781.97215
      ],
      [
        20.27871,
        60.55929,
        138.55129,
        207.05583,
        316.98624,
        725.22075,
        1176.85561,
        2165.7613,
        4954.96286
      ],
      [
        81.96262,
        244.76889,
        559.99743,
        836.87945,
        1281.1968,
        2931.2014,
        4756.62182,
        8753.58656,
        20026.99758
      ],
      [
        185.54093,
        554.08973,
        1267.68081,
        1894.4659,
        2900.27869,
        6635.43726,
        10767.68917,
        19815.72276,
        45335.63804
      ],
      [
        331.277,
        989.30831,
        2263.40083,
        3382.50421,
        5178.34864,
        11847.3468,
        19225.34158,
        35380.29679,
        80945.23468
      ],
      [
        749.92041,
        2239.52309,
        5123.71965,
        7657.06323,
        11722.36321,
        26819.14871,
        43520.9084,
        80091.3029,
        183237.84415
      ],
      [
        2099.13516,
        6268.74746,
        14342.02876,
        21433.22207,
        32812.58184,
        75070.65736,
        121821.28666,
        224187.08454,
        512909.09959
      ]
    ],
    "note": "kW/m3. Computed from steinmetz_25C catalog coefficients."
  },
  "dc_bias_summary": {
    "H50_Oe": 66.4,
    "k_at_50Oe": 0.651,
    "k_at_100Oe": 0.289,
    "k_at_150Oe": 0.143,
    "k_at_200Oe": 0.081
  },
  "loss_100C_kWm3_100kHz_100mT": 1281.2,
  "topology_applicability": {
    "boost_pfc": "ok",
    "buck": "ok",
    "flyback": "ok",
    "llc": "poor"
  },
  "data_quality": "steinmetz_fitted_to_datasheet",
  "steinmetz_25C": {
    "Pv_ref_kW_m3": 1281.1968,
    "alpha": 1.194,
    "beta": 2.015,
    "f_ref_kHz": 100,
    "B_ref_T": 0.1,
    "catalog_a": 542.77,
    "catalog_b": 2.015,
    "catalog_c": 1.194,
    "catalog_source": "Magnetics 2025 Powder Core Catalog, pp.108-109, Toroid coefficients",
    "catalog_note": "P = a*B^b*f^c (mW/cm3, Tesla, kHz). Pv_ref is derived at f_ref=100kHz, B_ref=0.1T."
  },
  "dc_bias_catalog": {
    "formula": "mu_pct = 1 / (a + b * H^c)  [H in Oersteds, result 0-100]",
    "use": "material_ranking_only_not_design_calc",
    "source": "Magnetics 2025 Catalog p.63 + material bulletins",
    "note": "Toroid \u2014 small-signal differential permeability. Use for ranking only.",
    "a": 0.01,
    "b": 9.841e-08,
    "c": 2.477
  },
  "alloy": "FeSi",
  "curie_temp_C": 700,
  "max_freq_60u_MHz": 1.5
}